names,values,assay_name
AHR_ECOLI,1624,C0-S9017-B1.1-R1
LCFA_ECOLI,1027,C0-S9017-B1.1-R1
"Dodecanoyl-[acyl-carrier-protein] hydrolase, chloroplastic",0,C0-S9017-B1.1-R1
Fatty acyl-CoA reductase,0,C0-S9017-B1.1-R1
A1U2T0,25770,C0-S9017-B1.1-R1
A1U3L3,0,C0-S9017-B1.1-R1
AHR_ECOLI,1828,C0-S9017-B1.1-R2
LCFA_ECOLI,0,C0-S9017-B1.1-R2
"Dodecanoyl-[acyl-carrier-protein] hydrolase, chloroplastic",0,C0-S9017-B1.1-R2
Fatty acyl-CoA reductase,0,C0-S9017-B1.1-R2
A1U2T0,21323,C0-S9017-B1.1-R2
A1U3L3,0,C0-S9017-B1.1-R2
AHR_ECOLI,382,C0-S9017-B1.2-R1
LCFA_ECOLI,15325,C0-S9017-B1.2-R1
"Dodecanoyl-[acyl-carrier-protein] hydrolase, chloroplastic",0,C0-S9017-B1.2-R1
Fatty acyl-CoA reductase,0,C0-S9017-B1.2-R1
A1U2T0,1070799,C0-S9017-B1.2-R1
A1U3L3,0,C0-S9017-B1.2-R1
AHR_ECOLI,0,C0-S9017-B1.2-R2
LCFA_ECOLI,21035,C0-S9017-B1.2-R2
"Dodecanoyl-[acyl-carrier-protein] hydrolase, chloroplastic",0,C0-S9017-B1.2-R2
Fatty acyl-CoA reductase,0,C0-S9017-B1.2-R2
A1U2T0,1178613,C0-S9017-B1.2-R2
A1U3L3,2575,C0-S9017-B1.2-R2
AHR_ECOLI,498,C0-S9017-B1.2-R3
LCFA_ECOLI,20178,C0-S9017-B1.2-R3
"Dodecanoyl-[acyl-carrier-protein] hydrolase, chloroplastic",0,C0-S9017-B1.2-R3
Fatty acyl-CoA reductase,0,C0-S9017-B1.2-R3
A1U2T0,1123316,C0-S9017-B1.2-R3
A1U3L3,0,C0-S9017-B1.2-R3
AHR_ECOLI,777,C0-S9017-B1.3-R1
LCFA_ECOLI,22016,C0-S9017-B1.3-R1
"Dodecanoyl-[acyl-carrier-protein] hydrolase, chloroplastic",0,C0-S9017-B1.3-R1
Fatty acyl-CoA reductase,0,C0-S9017-B1.3-R1
A1U2T0,867923,C0-S9017-B1.3-R1
A1U3L3,0,C0-S9017-B1.3-R1
AHR_ECOLI,1219,C0-S9017-B1.3-R2
LCFA_ECOLI,23955,C0-S9017-B1.3-R2
"Dodecanoyl-[acyl-carrier-protein] hydrolase, chloroplastic",0,C0-S9017-B1.3-R2
Fatty acyl-CoA reductase,0,C0-S9017-B1.3-R2
A1U2T0,849827,C0-S9017-B1.3-R2
A1U3L3,0,C0-S9017-B1.3-R2
AHR_ECOLI,692,C0-S9017-B1.3-R3
LCFA_ECOLI,23428,C0-S9017-B1.3-R3
"Dodecanoyl-[acyl-carrier-protein] hydrolase, chloroplastic",0,C0-S9017-B1.3-R3
Fatty acyl-CoA reductase,0,C0-S9017-B1.3-R3
A1U2T0,826175,C0-S9017-B1.3-R3
A1U3L3,0,C0-S9017-B1.3-R3
AHR_ECOLI,1915,C0-S9017-B2.3-R1
LCFA_ECOLI,41253,C0-S9017-B2.3-R1
"Dodecanoyl-[acyl-carrier-protein] hydrolase, chloroplastic",547,C0-S9017-B2.3-R1
Fatty acyl-CoA reductase,1828,C0-S9017-B2.3-R1
A1U2T0,1264025,C0-S9017-B2.3-R1
A1U3L3,1056,C0-S9017-B2.3-R1
AHR_ECOLI,2339,C0-S9017-B2.3-R2
LCFA_ECOLI,43644,C0-S9017-B2.3-R2
"Dodecanoyl-[acyl-carrier-protein] hydrolase, chloroplastic",14880,C0-S9017-B2.3-R2
Fatty acyl-CoA reductase,2583,C0-S9017-B2.3-R2
A1U2T0,1151913,C0-S9017-B2.3-R2
A1U3L3,1260,C0-S9017-B2.3-R2
AHR_ECOLI,1978,C0-S9017-B2.3-R3
LCFA_ECOLI,44733,C0-S9017-B2.3-R3
"Dodecanoyl-[acyl-carrier-protein] hydrolase, chloroplastic",0,C0-S9017-B2.3-R3
Fatty acyl-CoA reductase,1676,C0-S9017-B2.3-R3
A1U2T0,1370618,C0-S9017-B2.3-R3
A1U3L3,0,C0-S9017-B2.3-R3
AHR_ECOLI,2158,C0-S9017-B2.4-R1
LCFA_ECOLI,43330,C0-S9017-B2.4-R1
"Dodecanoyl-[acyl-carrier-protein] hydrolase, chloroplastic",0,C0-S9017-B2.4-R1
Fatty acyl-CoA reductase,0,C0-S9017-B2.4-R1
A1U2T0,2230581,C0-S9017-B2.4-R1
A1U3L3,583,C0-S9017-B2.4-R1
AHR_ECOLI,1819,C0-S9017-B2.4-R2
LCFA_ECOLI,43925,C0-S9017-B2.4-R2
"Dodecanoyl-[acyl-carrier-protein] hydrolase, chloroplastic",0,C0-S9017-B2.4-R2
Fatty acyl-CoA reductase,2056,C0-S9017-B2.4-R2
A1U2T0,2323200,C0-S9017-B2.4-R2
A1U3L3,0,C0-S9017-B2.4-R2
AHR_ECOLI,1574,C0-S9017-B2.4-R3
LCFA_ECOLI,45408,C0-S9017-B2.4-R3
"Dodecanoyl-[acyl-carrier-protein] hydrolase, chloroplastic",0,C0-S9017-B2.4-R3
Fatty acyl-CoA reductase,1973,C0-S9017-B2.4-R3
A1U2T0,1964492,C0-S9017-B2.4-R3
A1U3L3,0,C0-S9017-B2.4-R3
AHR_ECOLI,674,C0-S9017-B2.5-R1
LCFA_ECOLI,24620,C0-S9017-B2.5-R1
"Dodecanoyl-[acyl-carrier-protein] hydrolase, chloroplastic",401,C0-S9017-B2.5-R1
Fatty acyl-CoA reductase,2049,C0-S9017-B2.5-R1
A1U2T0,746842,C0-S9017-B2.5-R1
A1U3L3,0,C0-S9017-B2.5-R1
AHR_ECOLI,881,C0-S9017-B2.5-R2
LCFA_ECOLI,23981,C0-S9017-B2.5-R2
"Dodecanoyl-[acyl-carrier-protein] hydrolase, chloroplastic",0,C0-S9017-B2.5-R2
Fatty acyl-CoA reductase,0,C0-S9017-B2.5-R2
A1U2T0,820841,C0-S9017-B2.5-R2
A1U3L3,6099,C0-S9017-B2.5-R2
AHR_ECOLI,602,C0-S9017-B2.5-R3
LCFA_ECOLI,26673,C0-S9017-B2.5-R3
"Dodecanoyl-[acyl-carrier-protein] hydrolase, chloroplastic",1299,C0-S9017-B2.5-R3
Fatty acyl-CoA reductase,1514,C0-S9017-B2.5-R3
A1U2T0,1035294,C0-S9017-B2.5-R3
A1U3L3,16169,C0-S9017-B2.5-R3
AHR_ECOLI,125,C1-S1-B1.1-R1
LCFA_ECOLI,111883,C1-S1-B1.1-R1
"Dodecanoyl-[acyl-carrier-protein] hydrolase, chloroplastic",131969,C1-S1-B1.1-R1
Fatty acyl-CoA reductase,0,C1-S1-B1.1-R1
A1U2T0,1800,C1-S1-B1.1-R1
A1U3L3,159144,C1-S1-B1.1-R1
AHR_ECOLI,0,C1-S1-B1.1-R2
LCFA_ECOLI,109006,C1-S1-B1.1-R2
"Dodecanoyl-[acyl-carrier-protein] hydrolase, chloroplastic",155128,C1-S1-B1.1-R2
Fatty acyl-CoA reductase,0,C1-S1-B1.1-R2
A1U2T0,0,C1-S1-B1.1-R2
A1U3L3,173165,C1-S1-B1.1-R2
AHR_ECOLI,594,C1-S1-B1.3-R1
LCFA_ECOLI,94257,C1-S1-B1.3-R1
"Dodecanoyl-[acyl-carrier-protein] hydrolase, chloroplastic",142442,C1-S1-B1.3-R1
Fatty acyl-CoA reductase,0,C1-S1-B1.3-R1
A1U2T0,1099,C1-S1-B1.3-R1
A1U3L3,121953,C1-S1-B1.3-R1
AHR_ECOLI,544,C1-S1-B1.3-R2
LCFA_ECOLI,86387,C1-S1-B1.3-R2
"Dodecanoyl-[acyl-carrier-protein] hydrolase, chloroplastic",137559,C1-S1-B1.3-R2
Fatty acyl-CoA reductase,579,C1-S1-B1.3-R2
A1U2T0,1965,C1-S1-B1.3-R2
A1U3L3,110232,C1-S1-B1.3-R2
AHR_ECOLI,0,C1-S1-B1.3-R3
LCFA_ECOLI,92864,C1-S1-B1.3-R3
"Dodecanoyl-[acyl-carrier-protein] hydrolase, chloroplastic",140317,C1-S1-B1.3-R3
Fatty acyl-CoA reductase,2727,C1-S1-B1.3-R3
A1U2T0,2138,C1-S1-B1.3-R3
A1U3L3,116728,C1-S1-B1.3-R3
AHR_ECOLI,0,C1-S10-B1.3-R1
LCFA_ECOLI,106078,C1-S10-B1.3-R1
"Dodecanoyl-[acyl-carrier-protein] hydrolase, chloroplastic",77657,C1-S10-B1.3-R1
Fatty acyl-CoA reductase,644,C1-S10-B1.3-R1
A1U2T0,736,C1-S10-B1.3-R1
A1U3L3,499232,C1-S10-B1.3-R1
AHR_ECOLI,0,C1-S10-B1.3-R2
LCFA_ECOLI,102990,C1-S10-B1.3-R2
"Dodecanoyl-[acyl-carrier-protein] hydrolase, chloroplastic",74213,C1-S10-B1.3-R2
Fatty acyl-CoA reductase,610,C1-S10-B1.3-R2
A1U2T0,376,C1-S10-B1.3-R2
A1U3L3,532764,C1-S10-B1.3-R2
AHR_ECOLI,0,C1-S10-B1.3-R3
LCFA_ECOLI,100254,C1-S10-B1.3-R3
"Dodecanoyl-[acyl-carrier-protein] hydrolase, chloroplastic",74197,C1-S10-B1.3-R3
Fatty acyl-CoA reductase,0,C1-S10-B1.3-R3
A1U2T0,0,C1-S10-B1.3-R3
A1U3L3,503145,C1-S10-B1.3-R3
AHR_ECOLI,0,C1-S11-B1.1-R1
LCFA_ECOLI,131484,C1-S11-B1.1-R1
"Dodecanoyl-[acyl-carrier-protein] hydrolase, chloroplastic",73491,C1-S11-B1.1-R1
Fatty acyl-CoA reductase,0,C1-S11-B1.1-R1
A1U2T0,0,C1-S11-B1.1-R1
A1U3L3,686451,C1-S11-B1.1-R1
AHR_ECOLI,380,C1-S11-B1.1-R2
LCFA_ECOLI,127385,C1-S11-B1.1-R2
"Dodecanoyl-[acyl-carrier-protein] hydrolase, chloroplastic",76212,C1-S11-B1.1-R2
Fatty acyl-CoA reductase,0,C1-S11-B1.1-R2
A1U2T0,0,C1-S11-B1.1-R2
A1U3L3,736006,C1-S11-B1.1-R2
AHR_ECOLI,0,C1-S11-B1.2-R1
LCFA_ECOLI,87148,C1-S11-B1.2-R1
"Dodecanoyl-[acyl-carrier-protein] hydrolase, chloroplastic",61346,C1-S11-B1.2-R1
Fatty acyl-CoA reductase,0,C1-S11-B1.2-R1
A1U2T0,1149,C1-S11-B1.2-R1
A1U3L3,360114,C1-S11-B1.2-R1
AHR_ECOLI,331,C1-S11-B1.2-R2
LCFA_ECOLI,78968,C1-S11-B1.2-R2
"Dodecanoyl-[acyl-carrier-protein] hydrolase, chloroplastic",69825,C1-S11-B1.2-R2
Fatty acyl-CoA reductase,0,C1-S11-B1.2-R2
A1U2T0,3377,C1-S11-B1.2-R2
A1U3L3,405148,C1-S11-B1.2-R2
AHR_ECOLI,0,C1-S11-B1.2-R3
LCFA_ECOLI,84297,C1-S11-B1.2-R3
"Dodecanoyl-[acyl-carrier-protein] hydrolase, chloroplastic",67842,C1-S11-B1.2-R3
Fatty acyl-CoA reductase,0,C1-S11-B1.2-R3
A1U2T0,0,C1-S11-B1.2-R3
A1U3L3,400045,C1-S11-B1.2-R3
AHR_ECOLI,1535,C1-S11-B2.3-R1
LCFA_ECOLI,135925,C1-S11-B2.3-R1
"Dodecanoyl-[acyl-carrier-protein] hydrolase, chloroplastic",81518,C1-S11-B2.3-R1
Fatty acyl-CoA reductase,475,C1-S11-B2.3-R1
A1U2T0,6237,C1-S11-B2.3-R1
A1U3L3,543544,C1-S11-B2.3-R1
AHR_ECOLI,2090,C1-S11-B2.3-R2
LCFA_ECOLI,137966,C1-S11-B2.3-R2
"Dodecanoyl-[acyl-carrier-protein] hydrolase, chloroplastic",80815,C1-S11-B2.3-R2
Fatty acyl-CoA reductase,538,C1-S11-B2.3-R2
A1U2T0,0,C1-S11-B2.3-R2
A1U3L3,516922,C1-S11-B2.3-R2
AHR_ECOLI,3012,C1-S11-B2.3-R3
LCFA_ECOLI,135445,C1-S11-B2.3-R3
"Dodecanoyl-[acyl-carrier-protein] hydrolase, chloroplastic",83388,C1-S11-B2.3-R3
Fatty acyl-CoA reductase,1831,C1-S11-B2.3-R3
A1U2T0,6175,C1-S11-B2.3-R3
A1U3L3,530792,C1-S11-B2.3-R3
AHR_ECOLI,1184,C1-S11-B2.4-R1
LCFA_ECOLI,217404,C1-S11-B2.4-R1
"Dodecanoyl-[acyl-carrier-protein] hydrolase, chloroplastic",105854,C1-S11-B2.4-R1
Fatty acyl-CoA reductase,0,C1-S11-B2.4-R1
A1U2T0,6728,C1-S11-B2.4-R1
A1U3L3,937286,C1-S11-B2.4-R1
AHR_ECOLI,2373,C1-S11-B2.4-R2
LCFA_ECOLI,219170,C1-S11-B2.4-R2
"Dodecanoyl-[acyl-carrier-protein] hydrolase, chloroplastic",116151,C1-S11-B2.4-R2
Fatty acyl-CoA reductase,0,C1-S11-B2.4-R2
A1U2T0,27669,C1-S11-B2.4-R2
A1U3L3,944820,C1-S11-B2.4-R2
AHR_ECOLI,2177,C1-S11-B2.4-R3
LCFA_ECOLI,211659,C1-S11-B2.4-R3
"Dodecanoyl-[acyl-carrier-protein] hydrolase, chloroplastic",117200,C1-S11-B2.4-R3
Fatty acyl-CoA reductase,632,C1-S11-B2.4-R3
A1U2T0,26890,C1-S11-B2.4-R3
A1U3L3,878773,C1-S11-B2.4-R3
AHR_ECOLI,1085,C1-S11-B2.5-R1
LCFA_ECOLI,157833,C1-S11-B2.5-R1
"Dodecanoyl-[acyl-carrier-protein] hydrolase, chloroplastic",67305,C1-S11-B2.5-R1
Fatty acyl-CoA reductase,1681,C1-S11-B2.5-R1
A1U2T0,0,C1-S11-B2.5-R1
A1U3L3,454633,C1-S11-B2.5-R1
AHR_ECOLI,894,C1-S11-B2.5-R1-IPTG0.5
LCFA_ECOLI,146235,C1-S11-B2.5-R1-IPTG0.5
"Dodecanoyl-[acyl-carrier-protein] hydrolase, chloroplastic",73874,C1-S11-B2.5-R1-IPTG0.5
Fatty acyl-CoA reductase,1461,C1-S11-B2.5-R1-IPTG0.5
A1U2T0,0,C1-S11-B2.5-R1-IPTG0.5
A1U3L3,442981,C1-S11-B2.5-R1-IPTG0.5
AHR_ECOLI,0,C1-S11-B2.5-R2
LCFA_ECOLI,164543,C1-S11-B2.5-R2
"Dodecanoyl-[acyl-carrier-protein] hydrolase, chloroplastic",66426,C1-S11-B2.5-R2
Fatty acyl-CoA reductase,1479,C1-S11-B2.5-R2
A1U2T0,1543,C1-S11-B2.5-R2
A1U3L3,480334,C1-S11-B2.5-R2
AHR_ECOLI,0,C1-S11-B2.5-R2-IPTG0.5
LCFA_ECOLI,123769,C1-S11-B2.5-R2-IPTG0.5
"Dodecanoyl-[acyl-carrier-protein] hydrolase, chloroplastic",68796,C1-S11-B2.5-R2-IPTG0.5
Fatty acyl-CoA reductase,1078,C1-S11-B2.5-R2-IPTG0.5
A1U2T0,2973,C1-S11-B2.5-R2-IPTG0.5
A1U3L3,400409,C1-S11-B2.5-R2-IPTG0.5
AHR_ECOLI,493,C1-S11-B2.5-R3
LCFA_ECOLI,161957,C1-S11-B2.5-R3
"Dodecanoyl-[acyl-carrier-protein] hydrolase, chloroplastic",77725,C1-S11-B2.5-R3
Fatty acyl-CoA reductase,1848,C1-S11-B2.5-R3
A1U2T0,2686,C1-S11-B2.5-R3
A1U3L3,476210,C1-S11-B2.5-R3
AHR_ECOLI,0,C1-S11-B2.5-R3-IPTG0.5
LCFA_ECOLI,131872,C1-S11-B2.5-R3-IPTG0.5
"Dodecanoyl-[acyl-carrier-protein] hydrolase, chloroplastic",67059,C1-S11-B2.5-R3-IPTG0.5
Fatty acyl-CoA reductase,0,C1-S11-B2.5-R3-IPTG0.5
A1U2T0,0,C1-S11-B2.5-R3-IPTG0.5
A1U3L3,395214,C1-S11-B2.5-R3-IPTG0.5
AHR_ECOLI,1650,C1-S12-B1.1-R1
LCFA_ECOLI,516401,C1-S12-B1.1-R1
"Dodecanoyl-[acyl-carrier-protein] hydrolase, chloroplastic",76399,C1-S12-B1.1-R1
Fatty acyl-CoA reductase,0,C1-S12-B1.1-R1
A1U2T0,352,C1-S12-B1.1-R1
A1U3L3,740579,C1-S12-B1.1-R1
AHR_ECOLI,669,C1-S12-B1.1-R2
LCFA_ECOLI,530998,C1-S12-B1.1-R2
"Dodecanoyl-[acyl-carrier-protein] hydrolase, chloroplastic",77474,C1-S12-B1.1-R2
Fatty acyl-CoA reductase,0,C1-S12-B1.1-R2
A1U2T0,0,C1-S12-B1.1-R2
A1U3L3,762921,C1-S12-B1.1-R2
AHR_ECOLI,887,C1-S13-B1.3-R1
LCFA_ECOLI,198841,C1-S13-B1.3-R1
"Dodecanoyl-[acyl-carrier-protein] hydrolase, chloroplastic",210505,C1-S13-B1.3-R1
Fatty acyl-CoA reductase,0,C1-S13-B1.3-R1
A1U2T0,12448,C1-S13-B1.3-R1
A1U3L3,8602,C1-S13-B1.3-R1
AHR_ECOLI,1376,C1-S13-B1.3-R2
LCFA_ECOLI,196947,C1-S13-B1.3-R2
"Dodecanoyl-[acyl-carrier-protein] hydrolase, chloroplastic",218624,C1-S13-B1.3-R2
Fatty acyl-CoA reductase,0,C1-S13-B1.3-R2
A1U2T0,12835,C1-S13-B1.3-R2
A1U3L3,0,C1-S13-B1.3-R2
AHR_ECOLI,0,C1-S13-B1.3-R3
LCFA_ECOLI,208068,C1-S13-B1.3-R3
"Dodecanoyl-[acyl-carrier-protein] hydrolase, chloroplastic",216250,C1-S13-B1.3-R3
Fatty acyl-CoA reductase,0,C1-S13-B1.3-R3
A1U2T0,10366,C1-S13-B1.3-R3
A1U3L3,0,C1-S13-B1.3-R3
AHR_ECOLI,0,C1-S15-B1.1-R1
LCFA_ECOLI,164171,C1-S15-B1.1-R1
"Dodecanoyl-[acyl-carrier-protein] hydrolase, chloroplastic",59741,C1-S15-B1.1-R1
Fatty acyl-CoA reductase,0,C1-S15-B1.1-R1
A1U2T0,8372,C1-S15-B1.1-R1
A1U3L3,8555,C1-S15-B1.1-R1
AHR_ECOLI,307,C1-S15-B1.1-R2
LCFA_ECOLI,240185,C1-S15-B1.1-R2
"Dodecanoyl-[acyl-carrier-protein] hydrolase, chloroplastic",83972,C1-S15-B1.1-R2
Fatty acyl-CoA reductase,0,C1-S15-B1.1-R2
A1U2T0,10438,C1-S15-B1.1-R2
A1U3L3,3483,C1-S15-B1.1-R2
AHR_ECOLI,188,C1-S16-B1.1-R1
LCFA_ECOLI,115367,C1-S16-B1.1-R1
"Dodecanoyl-[acyl-carrier-protein] hydrolase, chloroplastic",105024,C1-S16-B1.1-R1
Fatty acyl-CoA reductase,0,C1-S16-B1.1-R1
A1U2T0,21091,C1-S16-B1.1-R1
A1U3L3,2518,C1-S16-B1.1-R1
AHR_ECOLI,0,C1-S16-B1.1-R2
LCFA_ECOLI,84540,C1-S16-B1.1-R2
"Dodecanoyl-[acyl-carrier-protein] hydrolase, chloroplastic",73675,C1-S16-B1.1-R2
Fatty acyl-CoA reductase,0,C1-S16-B1.1-R2
A1U2T0,8954,C1-S16-B1.1-R2
A1U3L3,0,C1-S16-B1.1-R2
AHR_ECOLI,0,C1-S16-B1.3-R1
LCFA_ECOLI,99672,C1-S16-B1.3-R1
"Dodecanoyl-[acyl-carrier-protein] hydrolase, chloroplastic",98067,C1-S16-B1.3-R1
Fatty acyl-CoA reductase,0,C1-S16-B1.3-R1
A1U2T0,4053,C1-S16-B1.3-R1
A1U3L3,0,C1-S16-B1.3-R1
AHR_ECOLI,0,C1-S16-B1.3-R2
LCFA_ECOLI,94673,C1-S16-B1.3-R2
"Dodecanoyl-[acyl-carrier-protein] hydrolase, chloroplastic",98633,C1-S16-B1.3-R2
Fatty acyl-CoA reductase,452,C1-S16-B1.3-R2
A1U2T0,3475,C1-S16-B1.3-R2
A1U3L3,0,C1-S16-B1.3-R2
AHR_ECOLI,527,C1-S16-B1.3-R3
LCFA_ECOLI,93288,C1-S16-B1.3-R3
"Dodecanoyl-[acyl-carrier-protein] hydrolase, chloroplastic",105837,C1-S16-B1.3-R3
Fatty acyl-CoA reductase,0,C1-S16-B1.3-R3
A1U2T0,9574,C1-S16-B1.3-R3
A1U3L3,0,C1-S16-B1.3-R3
AHR_ECOLI,1663,C1-S18-B1.3-R1
LCFA_ECOLI,303399,C1-S18-B1.3-R1
"Dodecanoyl-[acyl-carrier-protein] hydrolase, chloroplastic",91015,C1-S18-B1.3-R1
Fatty acyl-CoA reductase,0,C1-S18-B1.3-R1
A1U2T0,215377,C1-S18-B1.3-R1
A1U3L3,400,C1-S18-B1.3-R1
AHR_ECOLI,814,C1-S18-B1.3-R2
LCFA_ECOLI,290265,C1-S18-B1.3-R2
"Dodecanoyl-[acyl-carrier-protein] hydrolase, chloroplastic",87990,C1-S18-B1.3-R2
Fatty acyl-CoA reductase,0,C1-S18-B1.3-R2
A1U2T0,203658,C1-S18-B1.3-R2
A1U3L3,1671,C1-S18-B1.3-R2
AHR_ECOLI,822,C1-S18-B1.3-R3
LCFA_ECOLI,309202,C1-S18-B1.3-R3
"Dodecanoyl-[acyl-carrier-protein] hydrolase, chloroplastic",88388,C1-S18-B1.3-R3
Fatty acyl-CoA reductase,0,C1-S18-B1.3-R3
A1U2T0,172397,C1-S18-B1.3-R3
A1U3L3,0,C1-S18-B1.3-R3
AHR_ECOLI,1627,C1-S19-B1.2-R1
LCFA_ECOLI,163117,C1-S19-B1.2-R1
"Dodecanoyl-[acyl-carrier-protein] hydrolase, chloroplastic",73678,C1-S19-B1.2-R1
Fatty acyl-CoA reductase,1117,C1-S19-B1.2-R1
A1U2T0,192296,C1-S19-B1.2-R1
A1U3L3,10156,C1-S19-B1.2-R1
AHR_ECOLI,1328,C1-S19-B1.2-R2
LCFA_ECOLI,163881,C1-S19-B1.2-R2
"Dodecanoyl-[acyl-carrier-protein] hydrolase, chloroplastic",73549,C1-S19-B1.2-R2
Fatty acyl-CoA reductase,1577,C1-S19-B1.2-R2
A1U2T0,171189,C1-S19-B1.2-R2
A1U3L3,3105,C1-S19-B1.2-R2
AHR_ECOLI,795,C1-S19-B1.2-R3
LCFA_ECOLI,153324,C1-S19-B1.2-R3
"Dodecanoyl-[acyl-carrier-protein] hydrolase, chloroplastic",72968,C1-S19-B1.2-R3
Fatty acyl-CoA reductase,0,C1-S19-B1.2-R3
A1U2T0,151364,C1-S19-B1.2-R3
A1U3L3,0,C1-S19-B1.2-R3
AHR_ECOLI,530,C1-S2-B1.1-R1
LCFA_ECOLI,106977,C1-S2-B1.1-R1
"Dodecanoyl-[acyl-carrier-protein] hydrolase, chloroplastic",123692,C1-S2-B1.1-R1
Fatty acyl-CoA reductase,396,C1-S2-B1.1-R1
A1U2T0,0,C1-S2-B1.1-R1
A1U3L3,158408,C1-S2-B1.1-R1
AHR_ECOLI,470,C1-S2-B1.1-R2
LCFA_ECOLI,110415,C1-S2-B1.1-R2
"Dodecanoyl-[acyl-carrier-protein] hydrolase, chloroplastic",161836,C1-S2-B1.1-R2
Fatty acyl-CoA reductase,0,C1-S2-B1.1-R2
A1U2T0,1744,C1-S2-B1.1-R2
A1U3L3,155221,C1-S2-B1.1-R2
AHR_ECOLI,0,C1-S2-B1.3-R1
LCFA_ECOLI,97136,C1-S2-B1.3-R1
"Dodecanoyl-[acyl-carrier-protein] hydrolase, chloroplastic",139410,C1-S2-B1.3-R1
Fatty acyl-CoA reductase,0,C1-S2-B1.3-R1
A1U2T0,0,C1-S2-B1.3-R1
A1U3L3,119671,C1-S2-B1.3-R1
AHR_ECOLI,576,C1-S2-B1.3-R2
LCFA_ECOLI,107045,C1-S2-B1.3-R2
"Dodecanoyl-[acyl-carrier-protein] hydrolase, chloroplastic",147915,C1-S2-B1.3-R2
Fatty acyl-CoA reductase,0,C1-S2-B1.3-R2
A1U2T0,0,C1-S2-B1.3-R2
A1U3L3,135795,C1-S2-B1.3-R2
AHR_ECOLI,773,C1-S2-B1.3-R3
LCFA_ECOLI,144772,C1-S2-B1.3-R3
"Dodecanoyl-[acyl-carrier-protein] hydrolase, chloroplastic",153000,C1-S2-B1.3-R3
Fatty acyl-CoA reductase,0,C1-S2-B1.3-R3
A1U2T0,588,C1-S2-B1.3-R3
A1U3L3,188926,C1-S2-B1.3-R3
AHR_ECOLI,146386,C1-S21-B1.3-R1
LCFA_ECOLI,203935,C1-S21-B1.3-R1
"Dodecanoyl-[acyl-carrier-protein] hydrolase, chloroplastic",236836,C1-S21-B1.3-R1
Fatty acyl-CoA reductase,13405,C1-S21-B1.3-R1
A1U2T0,1655,C1-S21-B1.3-R1
A1U3L3,0,C1-S21-B1.3-R1
AHR_ECOLI,145548,C1-S21-B1.3-R2
LCFA_ECOLI,201775,C1-S21-B1.3-R2
"Dodecanoyl-[acyl-carrier-protein] hydrolase, chloroplastic",262033,C1-S21-B1.3-R2
Fatty acyl-CoA reductase,14472,C1-S21-B1.3-R2
A1U2T0,0,C1-S21-B1.3-R2
A1U3L3,0,C1-S21-B1.3-R2
AHR_ECOLI,153728,C1-S21-B1.3-R3
LCFA_ECOLI,208120,C1-S21-B1.3-R3
"Dodecanoyl-[acyl-carrier-protein] hydrolase, chloroplastic",255132,C1-S21-B1.3-R3
Fatty acyl-CoA reductase,15854,C1-S21-B1.3-R3
A1U2T0,942,C1-S21-B1.3-R3
A1U3L3,2348,C1-S21-B1.3-R3
AHR_ECOLI,184852,C1-S22-B1.1-R1
LCFA_ECOLI,608802,C1-S22-B1.1-R1
"Dodecanoyl-[acyl-carrier-protein] hydrolase, chloroplastic",300131,C1-S22-B1.1-R1
Fatty acyl-CoA reductase,44506,C1-S22-B1.1-R1
A1U2T0,2045,C1-S22-B1.1-R1
A1U3L3,0,C1-S22-B1.1-R1
AHR_ECOLI,170458,C1-S22-B1.1-R2
LCFA_ECOLI,586476,C1-S22-B1.1-R2
"Dodecanoyl-[acyl-carrier-protein] hydrolase, chloroplastic",291542,C1-S22-B1.1-R2
Fatty acyl-CoA reductase,37032,C1-S22-B1.1-R2
A1U2T0,2344,C1-S22-B1.1-R2
A1U3L3,0,C1-S22-B1.1-R2
AHR_ECOLI,169309,C1-S23-B1.3-R1
LCFA_ECOLI,405930,C1-S23-B1.3-R1
"Dodecanoyl-[acyl-carrier-protein] hydrolase, chloroplastic",230019,C1-S23-B1.3-R1
Fatty acyl-CoA reductase,35029,C1-S23-B1.3-R1
A1U2T0,0,C1-S23-B1.3-R1
A1U3L3,0,C1-S23-B1.3-R1
AHR_ECOLI,168464,C1-S23-B1.3-R2
LCFA_ECOLI,431874,C1-S23-B1.3-R2
"Dodecanoyl-[acyl-carrier-protein] hydrolase, chloroplastic",230643,C1-S23-B1.3-R2
Fatty acyl-CoA reductase,38909,C1-S23-B1.3-R2
A1U2T0,1876,C1-S23-B1.3-R2
A1U3L3,0,C1-S23-B1.3-R2
AHR_ECOLI,156819,C1-S23-B1.3-R3
LCFA_ECOLI,420505,C1-S23-B1.3-R3
"Dodecanoyl-[acyl-carrier-protein] hydrolase, chloroplastic",229566,C1-S23-B1.3-R3
Fatty acyl-CoA reductase,35462,C1-S23-B1.3-R3
A1U2T0,1938,C1-S23-B1.3-R3
A1U3L3,0,C1-S23-B1.3-R3
AHR_ECOLI,199457,C1-S24-B1.3-R1
LCFA_ECOLI,836569,C1-S24-B1.3-R1
"Dodecanoyl-[acyl-carrier-protein] hydrolase, chloroplastic",264403,C1-S24-B1.3-R1
Fatty acyl-CoA reductase,49490,C1-S24-B1.3-R1
A1U2T0,0,C1-S24-B1.3-R1
A1U3L3,0,C1-S24-B1.3-R1
AHR_ECOLI,200666,C1-S24-B1.3-R2
LCFA_ECOLI,911111,C1-S24-B1.3-R2
"Dodecanoyl-[acyl-carrier-protein] hydrolase, chloroplastic",267447,C1-S24-B1.3-R2
Fatty acyl-CoA reductase,57310,C1-S24-B1.3-R2
A1U2T0,617,C1-S24-B1.3-R2
A1U3L3,2745,C1-S24-B1.3-R2
AHR_ECOLI,207706,C1-S24-B1.3-R3
LCFA_ECOLI,888582,C1-S24-B1.3-R3
"Dodecanoyl-[acyl-carrier-protein] hydrolase, chloroplastic",280447,C1-S24-B1.3-R3
Fatty acyl-CoA reductase,58137,C1-S24-B1.3-R3
A1U2T0,3946,C1-S24-B1.3-R3
A1U3L3,3365,C1-S24-B1.3-R3
AHR_ECOLI,101260,C1-S25-B1.2-R1
LCFA_ECOLI,160436,C1-S25-B1.2-R1
"Dodecanoyl-[acyl-carrier-protein] hydrolase, chloroplastic",81224,C1-S25-B1.2-R1
Fatty acyl-CoA reductase,8806,C1-S25-B1.2-R1
A1U2T0,0,C1-S25-B1.2-R1
A1U3L3,0,C1-S25-B1.2-R1
AHR_ECOLI,109298,C1-S25-B1.2-R2
LCFA_ECOLI,161468,C1-S25-B1.2-R2
"Dodecanoyl-[acyl-carrier-protein] hydrolase, chloroplastic",90435,C1-S25-B1.2-R2
Fatty acyl-CoA reductase,10664,C1-S25-B1.2-R2
A1U2T0,0,C1-S25-B1.2-R2
A1U3L3,0,C1-S25-B1.2-R2
AHR_ECOLI,101216,C1-S25-B1.2-R3
LCFA_ECOLI,160094,C1-S25-B1.2-R3
"Dodecanoyl-[acyl-carrier-protein] hydrolase, chloroplastic",90090,C1-S25-B1.2-R3
Fatty acyl-CoA reductase,9914,C1-S25-B1.2-R3
A1U2T0,2224,C1-S25-B1.2-R3
A1U3L3,0,C1-S25-B1.2-R3
AHR_ECOLI,109625,C1-S26-B1.2-R1
LCFA_ECOLI,393379,C1-S26-B1.2-R1
"Dodecanoyl-[acyl-carrier-protein] hydrolase, chloroplastic",97422,C1-S26-B1.2-R1
Fatty acyl-CoA reductase,16566,C1-S26-B1.2-R1
A1U2T0,9672,C1-S26-B1.2-R1
A1U3L3,0,C1-S26-B1.2-R1
AHR_ECOLI,110714,C1-S26-B1.2-R2
LCFA_ECOLI,411022,C1-S26-B1.2-R2
"Dodecanoyl-[acyl-carrier-protein] hydrolase, chloroplastic",93899,C1-S26-B1.2-R2
Fatty acyl-CoA reductase,17555,C1-S26-B1.2-R2
A1U2T0,7043,C1-S26-B1.2-R2
A1U3L3,0,C1-S26-B1.2-R2
AHR_ECOLI,100193,C1-S26-B1.2-R3
LCFA_ECOLI,411484,C1-S26-B1.2-R3
"Dodecanoyl-[acyl-carrier-protein] hydrolase, chloroplastic",92513,C1-S26-B1.2-R3
Fatty acyl-CoA reductase,13988,C1-S26-B1.2-R3
A1U2T0,0,C1-S26-B1.2-R3
A1U3L3,0,C1-S26-B1.2-R3
AHR_ECOLI,152484,C1-S27-B1.2-R1
LCFA_ECOLI,874810,C1-S27-B1.2-R1
"Dodecanoyl-[acyl-carrier-protein] hydrolase, chloroplastic",118379,C1-S27-B1.2-R1
Fatty acyl-CoA reductase,29147,C1-S27-B1.2-R1
A1U2T0,7317,C1-S27-B1.2-R1
A1U3L3,0,C1-S27-B1.2-R1
AHR_ECOLI,146233,C1-S27-B1.2-R2
LCFA_ECOLI,937369,C1-S27-B1.2-R2
"Dodecanoyl-[acyl-carrier-protein] hydrolase, chloroplastic",116824,C1-S27-B1.2-R2
Fatty acyl-CoA reductase,27812,C1-S27-B1.2-R2
A1U2T0,0,C1-S27-B1.2-R2
A1U3L3,805,C1-S27-B1.2-R2
AHR_ECOLI,157666,C1-S27-B1.2-R3
LCFA_ECOLI,1051744,C1-S27-B1.2-R3
"Dodecanoyl-[acyl-carrier-protein] hydrolase, chloroplastic",125219,C1-S27-B1.2-R3
Fatty acyl-CoA reductase,31060,C1-S27-B1.2-R3
A1U2T0,804,C1-S27-B1.2-R3
A1U3L3,0,C1-S27-B1.2-R3
AHR_ECOLI,103947,C1-S28-B1.2-R1
LCFA_ECOLI,140030,C1-S28-B1.2-R1
"Dodecanoyl-[acyl-carrier-protein] hydrolase, chloroplastic",86256,C1-S28-B1.2-R1
Fatty acyl-CoA reductase,16367,C1-S28-B1.2-R1
A1U2T0,3320,C1-S28-B1.2-R1
A1U3L3,0,C1-S28-B1.2-R1
AHR_ECOLI,91972,C1-S28-B1.2-R2
LCFA_ECOLI,114532,C1-S28-B1.2-R2
"Dodecanoyl-[acyl-carrier-protein] hydrolase, chloroplastic",81770,C1-S28-B1.2-R2
Fatty acyl-CoA reductase,14153,C1-S28-B1.2-R2
A1U2T0,0,C1-S28-B1.2-R2
A1U3L3,0,C1-S28-B1.2-R2
AHR_ECOLI,101638,C1-S28-B1.2-R3
LCFA_ECOLI,148197,C1-S28-B1.2-R3
"Dodecanoyl-[acyl-carrier-protein] hydrolase, chloroplastic",86045,C1-S28-B1.2-R3
Fatty acyl-CoA reductase,18380,C1-S28-B1.2-R3
A1U2T0,3074,C1-S28-B1.2-R3
A1U3L3,0,C1-S28-B1.2-R3
AHR_ECOLI,128554,C1-S29-B1.2-R1
LCFA_ECOLI,330087,C1-S29-B1.2-R1
"Dodecanoyl-[acyl-carrier-protein] hydrolase, chloroplastic",97741,C1-S29-B1.2-R1
Fatty acyl-CoA reductase,29795,C1-S29-B1.2-R1
A1U2T0,833,C1-S29-B1.2-R1
A1U3L3,0,C1-S29-B1.2-R1
AHR_ECOLI,130910,C1-S29-B1.2-R2
LCFA_ECOLI,340855,C1-S29-B1.2-R2
"Dodecanoyl-[acyl-carrier-protein] hydrolase, chloroplastic",98703,C1-S29-B1.2-R2
Fatty acyl-CoA reductase,29473,C1-S29-B1.2-R2
A1U2T0,5716,C1-S29-B1.2-R2
A1U3L3,0,C1-S29-B1.2-R2
AHR_ECOLI,128301,C1-S29-B1.2-R3
LCFA_ECOLI,327600,C1-S29-B1.2-R3
"Dodecanoyl-[acyl-carrier-protein] hydrolase, chloroplastic",100982,C1-S29-B1.2-R3
Fatty acyl-CoA reductase,25177,C1-S29-B1.2-R3
A1U2T0,812,C1-S29-B1.2-R3
A1U3L3,0,C1-S29-B1.2-R3
AHR_ECOLI,1344,C1-S3-B1.3-R1
LCFA_ECOLI,355038,C1-S3-B1.3-R1
"Dodecanoyl-[acyl-carrier-protein] hydrolase, chloroplastic",125322,C1-S3-B1.3-R1
Fatty acyl-CoA reductase,0,C1-S3-B1.3-R1
A1U2T0,2892,C1-S3-B1.3-R1
A1U3L3,138378,C1-S3-B1.3-R1
AHR_ECOLI,2361,C1-S3-B1.3-R2
LCFA_ECOLI,369437,C1-S3-B1.3-R2
"Dodecanoyl-[acyl-carrier-protein] hydrolase, chloroplastic",131057,C1-S3-B1.3-R2
Fatty acyl-CoA reductase,0,C1-S3-B1.3-R2
A1U2T0,0,C1-S3-B1.3-R2
A1U3L3,135131,C1-S3-B1.3-R2
AHR_ECOLI,1275,C1-S3-B1.3-R3
LCFA_ECOLI,337160,C1-S3-B1.3-R3
"Dodecanoyl-[acyl-carrier-protein] hydrolase, chloroplastic",125472,C1-S3-B1.3-R3
Fatty acyl-CoA reductase,242,C1-S3-B1.3-R3
A1U2T0,0,C1-S3-B1.3-R3
A1U3L3,120677,C1-S3-B1.3-R3
AHR_ECOLI,158967,C1-S30-B1.2-R1
LCFA_ECOLI,926442,C1-S30-B1.2-R1
"Dodecanoyl-[acyl-carrier-protein] hydrolase, chloroplastic",129051,C1-S30-B1.2-R1
Fatty acyl-CoA reductase,40708,C1-S30-B1.2-R1
A1U2T0,0,C1-S30-B1.2-R1
A1U3L3,0,C1-S30-B1.2-R1
AHR_ECOLI,156625,C1-S30-B1.2-R2
LCFA_ECOLI,978076,C1-S30-B1.2-R2
"Dodecanoyl-[acyl-carrier-protein] hydrolase, chloroplastic",127434,C1-S30-B1.2-R2
Fatty acyl-CoA reductase,43504,C1-S30-B1.2-R2
A1U2T0,2877,C1-S30-B1.2-R2
A1U3L3,0,C1-S30-B1.2-R2
AHR_ECOLI,166579,C1-S30-B1.2-R3
LCFA_ECOLI,1009182,C1-S30-B1.2-R3
"Dodecanoyl-[acyl-carrier-protein] hydrolase, chloroplastic",128552,C1-S30-B1.2-R3
Fatty acyl-CoA reductase,43431,C1-S30-B1.2-R3
A1U2T0,7486,C1-S30-B1.2-R3
A1U3L3,0,C1-S30-B1.2-R3
AHR_ECOLI,0,C1-S31-B1.2-R1
LCFA_ECOLI,93821,C1-S31-B1.2-R1
"Dodecanoyl-[acyl-carrier-protein] hydrolase, chloroplastic",188519,C1-S31-B1.2-R1
Fatty acyl-CoA reductase,0,C1-S31-B1.2-R1
A1U2T0,2850,C1-S31-B1.2-R1
A1U3L3,0,C1-S31-B1.2-R1
AHR_ECOLI,0,C1-S31-B1.2-R2
LCFA_ECOLI,96694,C1-S31-B1.2-R2
"Dodecanoyl-[acyl-carrier-protein] hydrolase, chloroplastic",180955,C1-S31-B1.2-R2
Fatty acyl-CoA reductase,0,C1-S31-B1.2-R2
A1U2T0,3875,C1-S31-B1.2-R2
A1U3L3,0,C1-S31-B1.2-R2
AHR_ECOLI,427,C1-S31-B1.2-R3
LCFA_ECOLI,96589,C1-S31-B1.2-R3
"Dodecanoyl-[acyl-carrier-protein] hydrolase, chloroplastic",184261,C1-S31-B1.2-R3
Fatty acyl-CoA reductase,1200,C1-S31-B1.2-R3
A1U2T0,1455,C1-S31-B1.2-R3
A1U3L3,0,C1-S31-B1.2-R3
AHR_ECOLI,1235,C1-S32-B1.2-R1
LCFA_ECOLI,223440,C1-S32-B1.2-R1
"Dodecanoyl-[acyl-carrier-protein] hydrolase, chloroplastic",163592,C1-S32-B1.2-R1
Fatty acyl-CoA reductase,0,C1-S32-B1.2-R1
A1U2T0,353284,C1-S32-B1.2-R1
A1U3L3,0,C1-S32-B1.2-R1
AHR_ECOLI,644,C1-S32-B1.2-R2
LCFA_ECOLI,212751,C1-S32-B1.2-R2
"Dodecanoyl-[acyl-carrier-protein] hydrolase, chloroplastic",163693,C1-S32-B1.2-R2
Fatty acyl-CoA reductase,542,C1-S32-B1.2-R2
A1U2T0,353541,C1-S32-B1.2-R2
A1U3L3,0,C1-S32-B1.2-R2
AHR_ECOLI,747,C1-S32-B1.2-R3
LCFA_ECOLI,217714,C1-S32-B1.2-R3
"Dodecanoyl-[acyl-carrier-protein] hydrolase, chloroplastic",157030,C1-S32-B1.2-R3
Fatty acyl-CoA reductase,0,C1-S32-B1.2-R3
A1U2T0,369664,C1-S32-B1.2-R3
A1U3L3,0,C1-S32-B1.2-R3
AHR_ECOLI,5013,C1-S32-B2.3-R1
LCFA_ECOLI,411963,C1-S32-B2.3-R1
"Dodecanoyl-[acyl-carrier-protein] hydrolase, chloroplastic",226535,C1-S32-B2.3-R1
Fatty acyl-CoA reductase,2473,C1-S32-B2.3-R1
A1U2T0,411909,C1-S32-B2.3-R1
A1U3L3,5047,C1-S32-B2.3-R1
AHR_ECOLI,4111,C1-S32-B2.3-R2
LCFA_ECOLI,411337,C1-S32-B2.3-R2
"Dodecanoyl-[acyl-carrier-protein] hydrolase, chloroplastic",234689,C1-S32-B2.3-R2
Fatty acyl-CoA reductase,0,C1-S32-B2.3-R2
A1U2T0,417881,C1-S32-B2.3-R2
A1U3L3,2030,C1-S32-B2.3-R2
AHR_ECOLI,4796,C1-S32-B2.3-R3
LCFA_ECOLI,421784,C1-S32-B2.3-R3
"Dodecanoyl-[acyl-carrier-protein] hydrolase, chloroplastic",236430,C1-S32-B2.3-R3
Fatty acyl-CoA reductase,0,C1-S32-B2.3-R3
A1U2T0,417006,C1-S32-B2.3-R3
A1U3L3,468,C1-S32-B2.3-R3
AHR_ECOLI,4231,C1-S32-B2.4-R1-delPoxB
LCFA_ECOLI,503571,C1-S32-B2.4-R1-delPoxB
"Dodecanoyl-[acyl-carrier-protein] hydrolase, chloroplastic",259008,C1-S32-B2.4-R1-delPoxB
Fatty acyl-CoA reductase,955,C1-S32-B2.4-R1-delPoxB
A1U2T0,268295,C1-S32-B2.4-R1-delPoxB
A1U3L3,0,C1-S32-B2.4-R1-delPoxB
AHR_ECOLI,3382,C1-S32-B2.4-R1-delPta
LCFA_ECOLI,401072,C1-S32-B2.4-R1-delPta
"Dodecanoyl-[acyl-carrier-protein] hydrolase, chloroplastic",213722,C1-S32-B2.4-R1-delPta
Fatty acyl-CoA reductase,1510,C1-S32-B2.4-R1-delPta
A1U2T0,237227,C1-S32-B2.4-R1-delPta
A1U3L3,0,C1-S32-B2.4-R1-delPta
AHR_ECOLI,7130,C1-S32-B2.4-R1-delPtaelPoxB
LCFA_ECOLI,106205,C1-S32-B2.4-R1-delPtaelPoxB
"Dodecanoyl-[acyl-carrier-protein] hydrolase, chloroplastic",71956,C1-S32-B2.4-R1-delPtaelPoxB
Fatty acyl-CoA reductase,0,C1-S32-B2.4-R1-delPtaelPoxB
A1U2T0,122034,C1-S32-B2.4-R1-delPtaelPoxB
A1U3L3,0,C1-S32-B2.4-R1-delPtaelPoxB
AHR_ECOLI,4098,C1-S32-B2.4-R2-delPoxB
LCFA_ECOLI,531396,C1-S32-B2.4-R2-delPoxB
"Dodecanoyl-[acyl-carrier-protein] hydrolase, chloroplastic",267757,C1-S32-B2.4-R2-delPoxB
Fatty acyl-CoA reductase,0,C1-S32-B2.4-R2-delPoxB
A1U2T0,331456,C1-S32-B2.4-R2-delPoxB
A1U3L3,2151,C1-S32-B2.4-R2-delPoxB
AHR_ECOLI,3154,C1-S32-B2.4-R2-delPta
LCFA_ECOLI,373924,C1-S32-B2.4-R2-delPta
"Dodecanoyl-[acyl-carrier-protein] hydrolase, chloroplastic",231933,C1-S32-B2.4-R2-delPta
Fatty acyl-CoA reductase,896,C1-S32-B2.4-R2-delPta
A1U2T0,268108,C1-S32-B2.4-R2-delPta
A1U3L3,2566,C1-S32-B2.4-R2-delPta
AHR_ECOLI,7568,C1-S32-B2.4-R2-delPtaelPoxB
LCFA_ECOLI,106337,C1-S32-B2.4-R2-delPtaelPoxB
"Dodecanoyl-[acyl-carrier-protein] hydrolase, chloroplastic",77368,C1-S32-B2.4-R2-delPtaelPoxB
Fatty acyl-CoA reductase,1981,C1-S32-B2.4-R2-delPtaelPoxB
A1U2T0,140031,C1-S32-B2.4-R2-delPtaelPoxB
A1U3L3,3813,C1-S32-B2.4-R2-delPtaelPoxB
AHR_ECOLI,2673,C1-S32-B2.4-R3-delPoxB
LCFA_ECOLI,490153,C1-S32-B2.4-R3-delPoxB
"Dodecanoyl-[acyl-carrier-protein] hydrolase, chloroplastic",240460,C1-S32-B2.4-R3-delPoxB
Fatty acyl-CoA reductase,1891,C1-S32-B2.4-R3-delPoxB
A1U2T0,256110,C1-S32-B2.4-R3-delPoxB
A1U3L3,3353,C1-S32-B2.4-R3-delPoxB
AHR_ECOLI,2865,C1-S32-B2.4-R3-delPta
LCFA_ECOLI,409379,C1-S32-B2.4-R3-delPta
"Dodecanoyl-[acyl-carrier-protein] hydrolase, chloroplastic",231705,C1-S32-B2.4-R3-delPta
Fatty acyl-CoA reductase,1272,C1-S32-B2.4-R3-delPta
A1U2T0,252367,C1-S32-B2.4-R3-delPta
A1U3L3,0,C1-S32-B2.4-R3-delPta
AHR_ECOLI,6732,C1-S32-B2.4-R3-delPtaelPoxB
LCFA_ECOLI,107120,C1-S32-B2.4-R3-delPtaelPoxB
"Dodecanoyl-[acyl-carrier-protein] hydrolase, chloroplastic",71803,C1-S32-B2.4-R3-delPtaelPoxB
Fatty acyl-CoA reductase,1326,C1-S32-B2.4-R3-delPtaelPoxB
A1U2T0,122361,C1-S32-B2.4-R3-delPtaelPoxB
A1U3L3,3271,C1-S32-B2.4-R3-delPtaelPoxB
AHR_ECOLI,1893,C1-S33-B1.2-R1
LCFA_ECOLI,180662,C1-S33-B1.2-R1
"Dodecanoyl-[acyl-carrier-protein] hydrolase, chloroplastic",156275,C1-S33-B1.2-R1
Fatty acyl-CoA reductase,656,C1-S33-B1.2-R1
A1U2T0,255153,C1-S33-B1.2-R1
A1U3L3,0,C1-S33-B1.2-R1
AHR_ECOLI,1994,C1-S33-B1.2-R2
LCFA_ECOLI,176053,C1-S33-B1.2-R2
"Dodecanoyl-[acyl-carrier-protein] hydrolase, chloroplastic",148812,C1-S33-B1.2-R2
Fatty acyl-CoA reductase,0,C1-S33-B1.2-R2
A1U2T0,239988,C1-S33-B1.2-R2
A1U3L3,2399,C1-S33-B1.2-R2
AHR_ECOLI,1736,C1-S33-B1.2-R3
LCFA_ECOLI,176585,C1-S33-B1.2-R3
"Dodecanoyl-[acyl-carrier-protein] hydrolase, chloroplastic",158485,C1-S33-B1.2-R3
Fatty acyl-CoA reductase,656,C1-S33-B1.2-R3
A1U2T0,241808,C1-S33-B1.2-R3
A1U3L3,0,C1-S33-B1.2-R3
AHR_ECOLI,865,C1-S34-B1.2-R1
LCFA_ECOLI,66185,C1-S34-B1.2-R1
"Dodecanoyl-[acyl-carrier-protein] hydrolase, chloroplastic",168689,C1-S34-B1.2-R1
Fatty acyl-CoA reductase,583,C1-S34-B1.2-R1
A1U2T0,23320,C1-S34-B1.2-R1
A1U3L3,0,C1-S34-B1.2-R1
AHR_ECOLI,741,C1-S34-B1.2-R2
LCFA_ECOLI,66880,C1-S34-B1.2-R2
"Dodecanoyl-[acyl-carrier-protein] hydrolase, chloroplastic",162770,C1-S34-B1.2-R2
Fatty acyl-CoA reductase,0,C1-S34-B1.2-R2
A1U2T0,24299,C1-S34-B1.2-R2
A1U3L3,0,C1-S34-B1.2-R2
AHR_ECOLI,940,C1-S34-B1.2-R3
LCFA_ECOLI,68351,C1-S34-B1.2-R3
"Dodecanoyl-[acyl-carrier-protein] hydrolase, chloroplastic",167169,C1-S34-B1.2-R3
Fatty acyl-CoA reductase,1434,C1-S34-B1.2-R3
A1U2T0,26490,C1-S34-B1.2-R3
A1U3L3,0,C1-S34-B1.2-R3
AHR_ECOLI,259273,C1-S35-B1.2-R1
LCFA_ECOLI,1178582,C1-S35-B1.2-R1
"Dodecanoyl-[acyl-carrier-protein] hydrolase, chloroplastic",358515,C1-S35-B1.2-R1
Fatty acyl-CoA reductase,66959,C1-S35-B1.2-R1
A1U2T0,3086,C1-S35-B1.2-R1
A1U3L3,0,C1-S35-B1.2-R1
AHR_ECOLI,256264,C1-S35-B1.2-R2
LCFA_ECOLI,1211635,C1-S35-B1.2-R2
"Dodecanoyl-[acyl-carrier-protein] hydrolase, chloroplastic",353444,C1-S35-B1.2-R2
Fatty acyl-CoA reductase,74997,C1-S35-B1.2-R2
A1U2T0,2882,C1-S35-B1.2-R2
A1U3L3,162,C1-S35-B1.2-R2
AHR_ECOLI,262022,C1-S35-B1.2-R3
LCFA_ECOLI,1207972,C1-S35-B1.2-R3
"Dodecanoyl-[acyl-carrier-protein] hydrolase, chloroplastic",355554,C1-S35-B1.2-R3
Fatty acyl-CoA reductase,73712,C1-S35-B1.2-R3
A1U2T0,3102,C1-S35-B1.2-R3
A1U3L3,0,C1-S35-B1.2-R3
AHR_ECOLI,143921,C1-S36-B1.2-R1
LCFA_ECOLI,159164,C1-S36-B1.2-R1
"Dodecanoyl-[acyl-carrier-protein] hydrolase, chloroplastic",232136,C1-S36-B1.2-R1
Fatty acyl-CoA reductase,38176,C1-S36-B1.2-R1
A1U2T0,0,C1-S36-B1.2-R1
A1U3L3,0,C1-S36-B1.2-R1
AHR_ECOLI,144439,C1-S36-B1.2-R2
LCFA_ECOLI,146173,C1-S36-B1.2-R2
"Dodecanoyl-[acyl-carrier-protein] hydrolase, chloroplastic",232557,C1-S36-B1.2-R2
Fatty acyl-CoA reductase,37862,C1-S36-B1.2-R2
A1U2T0,0,C1-S36-B1.2-R2
A1U3L3,0,C1-S36-B1.2-R2
AHR_ECOLI,151161,C1-S36-B1.2-R3
LCFA_ECOLI,155123,C1-S36-B1.2-R3
"Dodecanoyl-[acyl-carrier-protein] hydrolase, chloroplastic",227259,C1-S36-B1.2-R3
Fatty acyl-CoA reductase,43433,C1-S36-B1.2-R3
A1U2T0,0,C1-S36-B1.2-R3
A1U3L3,0,C1-S36-B1.2-R3
AHR_ECOLI,431,C1-S4-B1.1-R1
LCFA_ECOLI,79192,C1-S4-B1.1-R1
"Dodecanoyl-[acyl-carrier-protein] hydrolase, chloroplastic",114226,C1-S4-B1.1-R1
Fatty acyl-CoA reductase,0,C1-S4-B1.1-R1
A1U2T0,1862,C1-S4-B1.1-R1
A1U3L3,565758,C1-S4-B1.1-R1
AHR_ECOLI,286,C1-S4-B1.1-R2
LCFA_ECOLI,84364,C1-S4-B1.1-R2
"Dodecanoyl-[acyl-carrier-protein] hydrolase, chloroplastic",117131,C1-S4-B1.1-R2
Fatty acyl-CoA reductase,1352,C1-S4-B1.1-R2
A1U2T0,0,C1-S4-B1.1-R2
A1U3L3,579082,C1-S4-B1.1-R2
AHR_ECOLI,800,C1-S5-B1.3-R1
LCFA_ECOLI,83145,C1-S5-B1.3-R1
"Dodecanoyl-[acyl-carrier-protein] hydrolase, chloroplastic",107258,C1-S5-B1.3-R1
Fatty acyl-CoA reductase,0,C1-S5-B1.3-R1
A1U2T0,0,C1-S5-B1.3-R1
A1U3L3,432873,C1-S5-B1.3-R1
AHR_ECOLI,1180,C1-S5-B1.3-R2
LCFA_ECOLI,83962,C1-S5-B1.3-R2
"Dodecanoyl-[acyl-carrier-protein] hydrolase, chloroplastic",109847,C1-S5-B1.3-R2
Fatty acyl-CoA reductase,0,C1-S5-B1.3-R2
A1U2T0,0,C1-S5-B1.3-R2
A1U3L3,439249,C1-S5-B1.3-R2
AHR_ECOLI,693,C1-S5-B1.3-R3
LCFA_ECOLI,90099,C1-S5-B1.3-R3
"Dodecanoyl-[acyl-carrier-protein] hydrolase, chloroplastic",107696,C1-S5-B1.3-R3
Fatty acyl-CoA reductase,0,C1-S5-B1.3-R3
A1U2T0,0,C1-S5-B1.3-R3
A1U3L3,471032,C1-S5-B1.3-R3
AHR_ECOLI,2639,C1-S6-B1.3-R1
LCFA_ECOLI,167575,C1-S6-B1.3-R1
"Dodecanoyl-[acyl-carrier-protein] hydrolase, chloroplastic",50149,C1-S6-B1.3-R1
Fatty acyl-CoA reductase,588,C1-S6-B1.3-R1
A1U2T0,0,C1-S6-B1.3-R1
A1U3L3,215241,C1-S6-B1.3-R1
AHR_ECOLI,1730,C1-S6-B1.3-R2
LCFA_ECOLI,186630,C1-S6-B1.3-R2
"Dodecanoyl-[acyl-carrier-protein] hydrolase, chloroplastic",53004,C1-S6-B1.3-R2
Fatty acyl-CoA reductase,0,C1-S6-B1.3-R2
A1U2T0,424,C1-S6-B1.3-R2
A1U3L3,217714,C1-S6-B1.3-R2
AHR_ECOLI,2830,C1-S6-B1.3-R3
LCFA_ECOLI,213883,C1-S6-B1.3-R3
"Dodecanoyl-[acyl-carrier-protein] hydrolase, chloroplastic",53533,C1-S6-B1.3-R3
Fatty acyl-CoA reductase,881,C1-S6-B1.3-R3
A1U2T0,0,C1-S6-B1.3-R3
A1U3L3,247382,C1-S6-B1.3-R3
AHR_ECOLI,0,C1-S7-B1.3-R1
LCFA_ECOLI,145026,C1-S7-B1.3-R1
"Dodecanoyl-[acyl-carrier-protein] hydrolase, chloroplastic",103613,C1-S7-B1.3-R1
Fatty acyl-CoA reductase,702,C1-S7-B1.3-R1
A1U2T0,3274,C1-S7-B1.3-R1
A1U3L3,99544,C1-S7-B1.3-R1
AHR_ECOLI,386,C1-S7-B1.3-R2
LCFA_ECOLI,142235,C1-S7-B1.3-R2
"Dodecanoyl-[acyl-carrier-protein] hydrolase, chloroplastic",101283,C1-S7-B1.3-R2
Fatty acyl-CoA reductase,0,C1-S7-B1.3-R2
A1U2T0,923,C1-S7-B1.3-R2
A1U3L3,96436,C1-S7-B1.3-R2
AHR_ECOLI,406,C1-S7-B1.3-R3
LCFA_ECOLI,136986,C1-S7-B1.3-R3
"Dodecanoyl-[acyl-carrier-protein] hydrolase, chloroplastic",103892,C1-S7-B1.3-R3
Fatty acyl-CoA reductase,249,C1-S7-B1.3-R3
A1U2T0,0,C1-S7-B1.3-R3
A1U3L3,105513,C1-S7-B1.3-R3
AHR_ECOLI,0,C1-S8-B1.1-R1
LCFA_ECOLI,165598,C1-S8-B1.1-R1
"Dodecanoyl-[acyl-carrier-protein] hydrolase, chloroplastic",113884,C1-S8-B1.1-R1
Fatty acyl-CoA reductase,0,C1-S8-B1.1-R1
A1U2T0,0,C1-S8-B1.1-R1
A1U3L3,202718,C1-S8-B1.1-R1
AHR_ECOLI,0,C1-S8-B1.1-R2
LCFA_ECOLI,169995,C1-S8-B1.1-R2
"Dodecanoyl-[acyl-carrier-protein] hydrolase, chloroplastic",107398,C1-S8-B1.1-R2
Fatty acyl-CoA reductase,0,C1-S8-B1.1-R2
A1U2T0,0,C1-S8-B1.1-R2
A1U3L3,204510,C1-S8-B1.1-R2
AHR_ECOLI,378,C1-S8-B1.3-R1
LCFA_ECOLI,123104,C1-S8-B1.3-R1
"Dodecanoyl-[acyl-carrier-protein] hydrolase, chloroplastic",105707,C1-S8-B1.3-R1
Fatty acyl-CoA reductase,0,C1-S8-B1.3-R1
A1U2T0,0,C1-S8-B1.3-R1
A1U3L3,87508,C1-S8-B1.3-R1
AHR_ECOLI,0,C1-S8-B1.3-R2
LCFA_ECOLI,125883,C1-S8-B1.3-R2
"Dodecanoyl-[acyl-carrier-protein] hydrolase, chloroplastic",107000,C1-S8-B1.3-R2
Fatty acyl-CoA reductase,814,C1-S8-B1.3-R2
A1U2T0,512,C1-S8-B1.3-R2
A1U3L3,87744,C1-S8-B1.3-R2
AHR_ECOLI,657,C1-S8-B1.3-R3
LCFA_ECOLI,124508,C1-S8-B1.3-R3
"Dodecanoyl-[acyl-carrier-protein] hydrolase, chloroplastic",104239,C1-S8-B1.3-R3
Fatty acyl-CoA reductase,0,C1-S8-B1.3-R3
A1U2T0,0,C1-S8-B1.3-R3
A1U3L3,82715,C1-S8-B1.3-R3
AHR_ECOLI,0,C1-S9-B1.1-R1
LCFA_ECOLI,745982,C1-S9-B1.1-R1
"Dodecanoyl-[acyl-carrier-protein] hydrolase, chloroplastic",136812,C1-S9-B1.1-R1
Fatty acyl-CoA reductase,0,C1-S9-B1.1-R1
A1U2T0,8828,C1-S9-B1.1-R1
A1U3L3,207289,C1-S9-B1.1-R1
AHR_ECOLI,0,C1-S9-B1.1-R2
LCFA_ECOLI,810667,C1-S9-B1.1-R2
"Dodecanoyl-[acyl-carrier-protein] hydrolase, chloroplastic",142616,C1-S9-B1.1-R2
Fatty acyl-CoA reductase,0,C1-S9-B1.1-R2
A1U2T0,0,C1-S9-B1.1-R2
A1U3L3,232565,C1-S9-B1.1-R2
AHR_ECOLI,1935,C2-S1-B2.4-R1
LCFA_ECOLI,217353,C2-S1-B2.4-R1
"Dodecanoyl-[acyl-carrier-protein] hydrolase, chloroplastic",175485,C2-S1-B2.4-R1
Fatty acyl-CoA reductase,0,C2-S1-B2.4-R1
A1U2T0,10196,C2-S1-B2.4-R1
A1U3L3,1518587,C2-S1-B2.4-R1
AHR_ECOLI,1407,C2-S1-B2.4-R2
LCFA_ECOLI,231424,C2-S1-B2.4-R2
"Dodecanoyl-[acyl-carrier-protein] hydrolase, chloroplastic",194337,C2-S1-B2.4-R2
Fatty acyl-CoA reductase,0,C2-S1-B2.4-R2
A1U2T0,1896,C2-S1-B2.4-R2
A1U3L3,1546227,C2-S1-B2.4-R2
AHR_ECOLI,2469,C2-S1-B2.4-R3
LCFA_ECOLI,235110,C2-S1-B2.4-R3
"Dodecanoyl-[acyl-carrier-protein] hydrolase, chloroplastic",189740,C2-S1-B2.4-R3
Fatty acyl-CoA reductase,0,C2-S1-B2.4-R3
A1U2T0,528,C2-S1-B2.4-R3
A1U3L3,1528867,C2-S1-B2.4-R3
AHR_ECOLI,555,C2-S1-B2.5-R1-IPTG0.5
LCFA_ECOLI,126425,C2-S1-B2.5-R1-IPTG0.5
"Dodecanoyl-[acyl-carrier-protein] hydrolase, chloroplastic",98099,C2-S1-B2.5-R1-IPTG0.5
Fatty acyl-CoA reductase,2281,C2-S1-B2.5-R1-IPTG0.5
A1U2T0,3546,C2-S1-B2.5-R1-IPTG0.5
A1U3L3,654325,C2-S1-B2.5-R1-IPTG0.5
AHR_ECOLI,1262,C2-S1-B2.5-R1-IPTG1.0
LCFA_ECOLI,124402,C2-S1-B2.5-R1-IPTG1.0
"Dodecanoyl-[acyl-carrier-protein] hydrolase, chloroplastic",98669,C2-S1-B2.5-R1-IPTG1.0
Fatty acyl-CoA reductase,0,C2-S1-B2.5-R1-IPTG1.0
A1U2T0,2857,C2-S1-B2.5-R1-IPTG1.0
A1U3L3,657821,C2-S1-B2.5-R1-IPTG1.0
AHR_ECOLI,677,C2-S1-B2.5-R2-IPTG0.5
LCFA_ECOLI,116034,C2-S1-B2.5-R2-IPTG0.5
"Dodecanoyl-[acyl-carrier-protein] hydrolase, chloroplastic",101637,C2-S1-B2.5-R2-IPTG0.5
Fatty acyl-CoA reductase,0,C2-S1-B2.5-R2-IPTG0.5
A1U2T0,0,C2-S1-B2.5-R2-IPTG0.5
A1U3L3,617761,C2-S1-B2.5-R2-IPTG0.5
AHR_ECOLI,1153,C2-S1-B2.5-R2-IPTG1.0
LCFA_ECOLI,119281,C2-S1-B2.5-R2-IPTG1.0
"Dodecanoyl-[acyl-carrier-protein] hydrolase, chloroplastic",83206,C2-S1-B2.5-R2-IPTG1.0
Fatty acyl-CoA reductase,0,C2-S1-B2.5-R2-IPTG1.0
A1U2T0,0,C2-S1-B2.5-R2-IPTG1.0
A1U3L3,582479,C2-S1-B2.5-R2-IPTG1.0
AHR_ECOLI,1024,C2-S1-B2.5-R3-IPTG0.5
LCFA_ECOLI,126423,C2-S1-B2.5-R3-IPTG0.5
"Dodecanoyl-[acyl-carrier-protein] hydrolase, chloroplastic",100199,C2-S1-B2.5-R3-IPTG0.5
Fatty acyl-CoA reductase,0,C2-S1-B2.5-R3-IPTG0.5
A1U2T0,3168,C2-S1-B2.5-R3-IPTG0.5
A1U3L3,664445,C2-S1-B2.5-R3-IPTG0.5
AHR_ECOLI,829,C2-S1-B2.5-R3-IPTG1.0
LCFA_ECOLI,128663,C2-S1-B2.5-R3-IPTG1.0
"Dodecanoyl-[acyl-carrier-protein] hydrolase, chloroplastic",101191,C2-S1-B2.5-R3-IPTG1.0
Fatty acyl-CoA reductase,0,C2-S1-B2.5-R3-IPTG1.0
A1U2T0,0,C2-S1-B2.5-R3-IPTG1.0
A1U3L3,696201,C2-S1-B2.5-R3-IPTG1.0
AHR_ECOLI,1241,C2-S10-B2.3-R1
LCFA_ECOLI,97378,C2-S10-B2.3-R1
"Dodecanoyl-[acyl-carrier-protein] hydrolase, chloroplastic",83055,C2-S10-B2.3-R1
Fatty acyl-CoA reductase,1317,C2-S10-B2.3-R1
A1U2T0,1789,C2-S10-B2.3-R1
A1U3L3,451135,C2-S10-B2.3-R1
AHR_ECOLI,2666,C2-S10-B2.3-R2
LCFA_ECOLI,98642,C2-S10-B2.3-R2
"Dodecanoyl-[acyl-carrier-protein] hydrolase, chloroplastic",81822,C2-S10-B2.3-R2
Fatty acyl-CoA reductase,2582,C2-S10-B2.3-R2
A1U2T0,936,C2-S10-B2.3-R2
A1U3L3,444221,C2-S10-B2.3-R2
AHR_ECOLI,832,C2-S10-B2.3-R3
LCFA_ECOLI,95122,C2-S10-B2.3-R3
"Dodecanoyl-[acyl-carrier-protein] hydrolase, chloroplastic",88422,C2-S10-B2.3-R3
Fatty acyl-CoA reductase,1221,C2-S10-B2.3-R3
A1U2T0,655,C2-S10-B2.3-R3
A1U3L3,448846,C2-S10-B2.3-R3
AHR_ECOLI,0,C2-S11-B2.3-R1
LCFA_ECOLI,174649,C2-S11-B2.3-R1
"Dodecanoyl-[acyl-carrier-protein] hydrolase, chloroplastic",162636,C2-S11-B2.3-R1
Fatty acyl-CoA reductase,1668,C2-S11-B2.3-R1
A1U2T0,0,C2-S11-B2.3-R1
A1U3L3,123592,C2-S11-B2.3-R1
AHR_ECOLI,492,C2-S11-B2.3-R2
LCFA_ECOLI,154436,C2-S11-B2.3-R2
"Dodecanoyl-[acyl-carrier-protein] hydrolase, chloroplastic",183474,C2-S11-B2.3-R2
Fatty acyl-CoA reductase,1337,C2-S11-B2.3-R2
A1U2T0,0,C2-S11-B2.3-R2
A1U3L3,116441,C2-S11-B2.3-R2
AHR_ECOLI,350,C2-S11-B2.3-R3
LCFA_ECOLI,154485,C2-S11-B2.3-R3
"Dodecanoyl-[acyl-carrier-protein] hydrolase, chloroplastic",178113,C2-S11-B2.3-R3
Fatty acyl-CoA reductase,1434,C2-S11-B2.3-R3
A1U2T0,894,C2-S11-B2.3-R3
A1U3L3,108800,C2-S11-B2.3-R3
AHR_ECOLI,4359,C2-S11-B2.4-R1
LCFA_ECOLI,269720,C2-S11-B2.4-R1
"Dodecanoyl-[acyl-carrier-protein] hydrolase, chloroplastic",250711,C2-S11-B2.4-R1
Fatty acyl-CoA reductase,1224,C2-S11-B2.4-R1
A1U2T0,47683,C2-S11-B2.4-R1
A1U3L3,1489403,C2-S11-B2.4-R1
AHR_ECOLI,2978,C2-S11-B2.4-R2
LCFA_ECOLI,246862,C2-S11-B2.4-R2
"Dodecanoyl-[acyl-carrier-protein] hydrolase, chloroplastic",228708,C2-S11-B2.4-R2
Fatty acyl-CoA reductase,0,C2-S11-B2.4-R2
A1U2T0,626,C2-S11-B2.4-R2
A1U3L3,1395259,C2-S11-B2.4-R2
AHR_ECOLI,2836,C2-S11-B2.4-R3
LCFA_ECOLI,229763,C2-S11-B2.4-R3
"Dodecanoyl-[acyl-carrier-protein] hydrolase, chloroplastic",213330,C2-S11-B2.4-R3
Fatty acyl-CoA reductase,0,C2-S11-B2.4-R3
A1U2T0,1403,C2-S11-B2.4-R3
A1U3L3,1268031,C2-S11-B2.4-R3
AHR_ECOLI,1575,C2-S14-B2.4-R1
LCFA_ECOLI,234896,C2-S14-B2.4-R1
"Dodecanoyl-[acyl-carrier-protein] hydrolase, chloroplastic",159139,C2-S14-B2.4-R1
Fatty acyl-CoA reductase,0,C2-S14-B2.4-R1
A1U2T0,0,C2-S14-B2.4-R1
A1U3L3,199425,C2-S14-B2.4-R1
AHR_ECOLI,1353,C2-S14-B2.4-R2
LCFA_ECOLI,201418,C2-S14-B2.4-R2
"Dodecanoyl-[acyl-carrier-protein] hydrolase, chloroplastic",156355,C2-S14-B2.4-R2
Fatty acyl-CoA reductase,0,C2-S14-B2.4-R2
A1U2T0,38410,C2-S14-B2.4-R2
A1U3L3,207290,C2-S14-B2.4-R2
AHR_ECOLI,866,C2-S14-B2.4-R3
LCFA_ECOLI,226752,C2-S14-B2.4-R3
"Dodecanoyl-[acyl-carrier-protein] hydrolase, chloroplastic",159985,C2-S14-B2.4-R3
Fatty acyl-CoA reductase,0,C2-S14-B2.4-R3
A1U2T0,30344,C2-S14-B2.4-R3
A1U3L3,189071,C2-S14-B2.4-R3
AHR_ECOLI,5622,C2-S15-B2.3-R1
LCFA_ECOLI,113120,C2-S15-B2.3-R1
"Dodecanoyl-[acyl-carrier-protein] hydrolase, chloroplastic",137849,C2-S15-B2.3-R1
Fatty acyl-CoA reductase,803,C2-S15-B2.3-R1
A1U2T0,143854,C2-S15-B2.3-R1
A1U3L3,4666,C2-S15-B2.3-R1
AHR_ECOLI,7013,C2-S15-B2.3-R2
LCFA_ECOLI,112906,C2-S15-B2.3-R2
"Dodecanoyl-[acyl-carrier-protein] hydrolase, chloroplastic",141282,C2-S15-B2.3-R2
Fatty acyl-CoA reductase,1960,C2-S15-B2.3-R2
A1U2T0,140824,C2-S15-B2.3-R2
A1U3L3,3598,C2-S15-B2.3-R2
AHR_ECOLI,6996,C2-S15-B2.3-R3
LCFA_ECOLI,109250,C2-S15-B2.3-R3
"Dodecanoyl-[acyl-carrier-protein] hydrolase, chloroplastic",145986,C2-S15-B2.3-R3
Fatty acyl-CoA reductase,1080,C2-S15-B2.3-R3
A1U2T0,146146,C2-S15-B2.3-R3
A1U3L3,2006,C2-S15-B2.3-R3
AHR_ECOLI,5982,C2-S16-B2.3-R1
LCFA_ECOLI,53887,C2-S16-B2.3-R1
"Dodecanoyl-[acyl-carrier-protein] hydrolase, chloroplastic",128698,C2-S16-B2.3-R1
Fatty acyl-CoA reductase,1914,C2-S16-B2.3-R1
A1U2T0,145263,C2-S16-B2.3-R1
A1U3L3,972,C2-S16-B2.3-R1
AHR_ECOLI,6076,C2-S16-B2.3-R2
LCFA_ECOLI,50384,C2-S16-B2.3-R2
"Dodecanoyl-[acyl-carrier-protein] hydrolase, chloroplastic",117775,C2-S16-B2.3-R2
Fatty acyl-CoA reductase,2825,C2-S16-B2.3-R2
A1U2T0,135221,C2-S16-B2.3-R2
A1U3L3,2806,C2-S16-B2.3-R2
AHR_ECOLI,6608,C2-S16-B2.3-R3
LCFA_ECOLI,57026,C2-S16-B2.3-R3
"Dodecanoyl-[acyl-carrier-protein] hydrolase, chloroplastic",124320,C2-S16-B2.3-R3
Fatty acyl-CoA reductase,1386,C2-S16-B2.3-R3
A1U2T0,132103,C2-S16-B2.3-R3
A1U3L3,1219,C2-S16-B2.3-R3
AHR_ECOLI,7410,C2-S17-B2.3-R1
LCFA_ECOLI,33553,C2-S17-B2.3-R1
"Dodecanoyl-[acyl-carrier-protein] hydrolase, chloroplastic",129741,C2-S17-B2.3-R1
Fatty acyl-CoA reductase,2766,C2-S17-B2.3-R1
A1U2T0,160903,C2-S17-B2.3-R1
A1U3L3,2752,C2-S17-B2.3-R1
AHR_ECOLI,7846,C2-S17-B2.3-R2
LCFA_ECOLI,39194,C2-S17-B2.3-R2
"Dodecanoyl-[acyl-carrier-protein] hydrolase, chloroplastic",145453,C2-S17-B2.3-R2
Fatty acyl-CoA reductase,3252,C2-S17-B2.3-R2
A1U2T0,186287,C2-S17-B2.3-R2
A1U3L3,315,C2-S17-B2.3-R2
AHR_ECOLI,7846,C2-S17-B2.3-R3
LCFA_ECOLI,40577,C2-S17-B2.3-R3
"Dodecanoyl-[acyl-carrier-protein] hydrolase, chloroplastic",148249,C2-S17-B2.3-R3
Fatty acyl-CoA reductase,2473,C2-S17-B2.3-R3
A1U2T0,163056,C2-S17-B2.3-R3
A1U3L3,446,C2-S17-B2.3-R3
AHR_ECOLI,1720,C2-S18-B2.5-R1
LCFA_ECOLI,118042,C2-S18-B2.5-R1
"Dodecanoyl-[acyl-carrier-protein] hydrolase, chloroplastic",139074,C2-S18-B2.5-R1
Fatty acyl-CoA reductase,0,C2-S18-B2.5-R1
A1U2T0,43849,C2-S18-B2.5-R1
A1U3L3,6559,C2-S18-B2.5-R1
AHR_ECOLI,2062,C2-S18-B2.5-R2
LCFA_ECOLI,110866,C2-S18-B2.5-R2
"Dodecanoyl-[acyl-carrier-protein] hydrolase, chloroplastic",134005,C2-S18-B2.5-R2
Fatty acyl-CoA reductase,1337,C2-S18-B2.5-R2
A1U2T0,39926,C2-S18-B2.5-R2
A1U3L3,10925,C2-S18-B2.5-R2
AHR_ECOLI,3807,C2-S18-B2.5-R3
LCFA_ECOLI,112250,C2-S18-B2.5-R3
"Dodecanoyl-[acyl-carrier-protein] hydrolase, chloroplastic",139871,C2-S18-B2.5-R3
Fatty acyl-CoA reductase,0,C2-S18-B2.5-R3
A1U2T0,38340,C2-S18-B2.5-R3
A1U3L3,12384,C2-S18-B2.5-R3
AHR_ECOLI,7300,C2-S19-B2.3-R1
LCFA_ECOLI,3380,C2-S19-B2.3-R1
"Dodecanoyl-[acyl-carrier-protein] hydrolase, chloroplastic",114318,C2-S19-B2.3-R1
Fatty acyl-CoA reductase,651,C2-S19-B2.3-R1
A1U2T0,140726,C2-S19-B2.3-R1
A1U3L3,1209,C2-S19-B2.3-R1
AHR_ECOLI,6225,C2-S19-B2.3-R2
LCFA_ECOLI,2592,C2-S19-B2.3-R2
"Dodecanoyl-[acyl-carrier-protein] hydrolase, chloroplastic",112921,C2-S19-B2.3-R2
Fatty acyl-CoA reductase,2163,C2-S19-B2.3-R2
A1U2T0,131983,C2-S19-B2.3-R2
A1U3L3,0,C2-S19-B2.3-R2
AHR_ECOLI,6533,C2-S19-B2.3-R3
LCFA_ECOLI,2532,C2-S19-B2.3-R3
"Dodecanoyl-[acyl-carrier-protein] hydrolase, chloroplastic",112486,C2-S19-B2.3-R3
Fatty acyl-CoA reductase,0,C2-S19-B2.3-R3
A1U2T0,126356,C2-S19-B2.3-R3
A1U3L3,1872,C2-S19-B2.3-R3
AHR_ECOLI,1970,C2-S2-B2.4-R1
LCFA_ECOLI,285965,C2-S2-B2.4-R1
"Dodecanoyl-[acyl-carrier-protein] hydrolase, chloroplastic",22397,C2-S2-B2.4-R1
Fatty acyl-CoA reductase,0,C2-S2-B2.4-R1
A1U2T0,5618,C2-S2-B2.4-R1
A1U3L3,1629038,C2-S2-B2.4-R1
AHR_ECOLI,2230,C2-S2-B2.4-R2
LCFA_ECOLI,294208,C2-S2-B2.4-R2
"Dodecanoyl-[acyl-carrier-protein] hydrolase, chloroplastic",25199,C2-S2-B2.4-R2
Fatty acyl-CoA reductase,887,C2-S2-B2.4-R2
A1U2T0,18468,C2-S2-B2.4-R2
A1U3L3,1690829,C2-S2-B2.4-R2
AHR_ECOLI,1964,C2-S2-B2.4-R3
LCFA_ECOLI,296409,C2-S2-B2.4-R3
"Dodecanoyl-[acyl-carrier-protein] hydrolase, chloroplastic",17736,C2-S2-B2.4-R3
Fatty acyl-CoA reductase,1135,C2-S2-B2.4-R3
A1U2T0,5642,C2-S2-B2.4-R3
A1U3L3,1809021,C2-S2-B2.4-R3
AHR_ECOLI,1177,C2-S2-B2.5-R1-IPTG0.5
LCFA_ECOLI,167943,C2-S2-B2.5-R1-IPTG0.5
"Dodecanoyl-[acyl-carrier-protein] hydrolase, chloroplastic",11995,C2-S2-B2.5-R1-IPTG0.5
Fatty acyl-CoA reductase,0,C2-S2-B2.5-R1-IPTG0.5
A1U2T0,3359,C2-S2-B2.5-R1-IPTG0.5
A1U3L3,833818,C2-S2-B2.5-R1-IPTG0.5
AHR_ECOLI,403,C2-S2-B2.5-R1-IPTG1.0
LCFA_ECOLI,159832,C2-S2-B2.5-R1-IPTG1.0
"Dodecanoyl-[acyl-carrier-protein] hydrolase, chloroplastic",13776,C2-S2-B2.5-R1-IPTG1.0
Fatty acyl-CoA reductase,0,C2-S2-B2.5-R1-IPTG1.0
A1U2T0,3292,C2-S2-B2.5-R1-IPTG1.0
A1U3L3,853364,C2-S2-B2.5-R1-IPTG1.0
AHR_ECOLI,337,C2-S2-B2.5-R2-IPTG0.5
LCFA_ECOLI,152727,C2-S2-B2.5-R2-IPTG0.5
"Dodecanoyl-[acyl-carrier-protein] hydrolase, chloroplastic",11225,C2-S2-B2.5-R2-IPTG0.5
Fatty acyl-CoA reductase,0,C2-S2-B2.5-R2-IPTG0.5
A1U2T0,3454,C2-S2-B2.5-R2-IPTG0.5
A1U3L3,754733,C2-S2-B2.5-R2-IPTG0.5
AHR_ECOLI,0,C2-S2-B2.5-R2-IPTG1.0
LCFA_ECOLI,161812,C2-S2-B2.5-R2-IPTG1.0
"Dodecanoyl-[acyl-carrier-protein] hydrolase, chloroplastic",14494,C2-S2-B2.5-R2-IPTG1.0
Fatty acyl-CoA reductase,377,C2-S2-B2.5-R2-IPTG1.0
A1U2T0,5970,C2-S2-B2.5-R2-IPTG1.0
A1U3L3,858283,C2-S2-B2.5-R2-IPTG1.0
AHR_ECOLI,0,C2-S2-B2.5-R3-IPTG0.5
LCFA_ECOLI,159938,C2-S2-B2.5-R3-IPTG0.5
"Dodecanoyl-[acyl-carrier-protein] hydrolase, chloroplastic",14056,C2-S2-B2.5-R3-IPTG0.5
Fatty acyl-CoA reductase,0,C2-S2-B2.5-R3-IPTG0.5
A1U2T0,2428,C2-S2-B2.5-R3-IPTG0.5
A1U3L3,818273,C2-S2-B2.5-R3-IPTG0.5
AHR_ECOLI,0,C2-S2-B2.5-R3-IPTG1.0
LCFA_ECOLI,162690,C2-S2-B2.5-R3-IPTG1.0
"Dodecanoyl-[acyl-carrier-protein] hydrolase, chloroplastic",12438,C2-S2-B2.5-R3-IPTG1.0
Fatty acyl-CoA reductase,0,C2-S2-B2.5-R3-IPTG1.0
A1U2T0,2057,C2-S2-B2.5-R3-IPTG1.0
A1U3L3,876645,C2-S2-B2.5-R3-IPTG1.0
AHR_ECOLI,4434,C2-S20-B2.3-R1
LCFA_ECOLI,677233,C2-S20-B2.3-R1
"Dodecanoyl-[acyl-carrier-protein] hydrolase, chloroplastic",261506,C2-S20-B2.3-R1
Fatty acyl-CoA reductase,2060,C2-S20-B2.3-R1
A1U2T0,389797,C2-S20-B2.3-R1
A1U3L3,3005,C2-S20-B2.3-R1
AHR_ECOLI,5355,C2-S20-B2.3-R2
LCFA_ECOLI,689653,C2-S20-B2.3-R2
"Dodecanoyl-[acyl-carrier-protein] hydrolase, chloroplastic",262631,C2-S20-B2.3-R2
Fatty acyl-CoA reductase,2144,C2-S20-B2.3-R2
A1U2T0,371748,C2-S20-B2.3-R2
A1U3L3,2230,C2-S20-B2.3-R2
AHR_ECOLI,4287,C2-S20-B2.3-R3
LCFA_ECOLI,660478,C2-S20-B2.3-R3
"Dodecanoyl-[acyl-carrier-protein] hydrolase, chloroplastic",269566,C2-S20-B2.3-R3
Fatty acyl-CoA reductase,4529,C2-S20-B2.3-R3
A1U2T0,371240,C2-S20-B2.3-R3
A1U3L3,312,C2-S20-B2.3-R3
AHR_ECOLI,2324,C2-S21-B2.3-R1
LCFA_ECOLI,47889,C2-S21-B2.3-R1
"Dodecanoyl-[acyl-carrier-protein] hydrolase, chloroplastic",59855,C2-S21-B2.3-R1
Fatty acyl-CoA reductase,3673,C2-S21-B2.3-R1
A1U2T0,28448,C2-S21-B2.3-R1
A1U3L3,435,C2-S21-B2.3-R1
AHR_ECOLI,435,C2-S21-B2.3-R2
LCFA_ECOLI,41662,C2-S21-B2.3-R2
"Dodecanoyl-[acyl-carrier-protein] hydrolase, chloroplastic",49064,C2-S21-B2.3-R2
Fatty acyl-CoA reductase,3520,C2-S21-B2.3-R2
A1U2T0,24336,C2-S21-B2.3-R2
A1U3L3,657,C2-S21-B2.3-R2
AHR_ECOLI,1178,C2-S21-B2.3-R3
LCFA_ECOLI,49461,C2-S21-B2.3-R3
"Dodecanoyl-[acyl-carrier-protein] hydrolase, chloroplastic",64696,C2-S21-B2.3-R3
Fatty acyl-CoA reductase,4597,C2-S21-B2.3-R3
A1U2T0,28093,C2-S21-B2.3-R3
A1U3L3,828,C2-S21-B2.3-R3
AHR_ECOLI,625,C2-S22-B2.3-R1
LCFA_ECOLI,11739,C2-S22-B2.3-R1
"Dodecanoyl-[acyl-carrier-protein] hydrolase, chloroplastic",45913,C2-S22-B2.3-R1
Fatty acyl-CoA reductase,3377,C2-S22-B2.3-R1
A1U2T0,48094,C2-S22-B2.3-R1
A1U3L3,408,C2-S22-B2.3-R1
AHR_ECOLI,3280,C2-S22-B2.3-R2
LCFA_ECOLI,10798,C2-S22-B2.3-R2
"Dodecanoyl-[acyl-carrier-protein] hydrolase, chloroplastic",45441,C2-S22-B2.3-R2
Fatty acyl-CoA reductase,1605,C2-S22-B2.3-R2
A1U2T0,50924,C2-S22-B2.3-R2
A1U3L3,0,C2-S22-B2.3-R2
AHR_ECOLI,2045,C2-S22-B2.3-R3
LCFA_ECOLI,11314,C2-S22-B2.3-R3
"Dodecanoyl-[acyl-carrier-protein] hydrolase, chloroplastic",43247,C2-S22-B2.3-R3
Fatty acyl-CoA reductase,0,C2-S22-B2.3-R3
A1U2T0,36895,C2-S22-B2.3-R3
A1U3L3,1378,C2-S22-B2.3-R3
AHR_ECOLI,548,C2-S23-B2.3-R1
LCFA_ECOLI,1962,C2-S23-B2.3-R1
"Dodecanoyl-[acyl-carrier-protein] hydrolase, chloroplastic",50771,C2-S23-B2.3-R1
Fatty acyl-CoA reductase,1835,C2-S23-B2.3-R1
A1U2T0,34034,C2-S23-B2.3-R1
A1U3L3,435,C2-S23-B2.3-R1
AHR_ECOLI,996,C2-S23-B2.3-R2
LCFA_ECOLI,906,C2-S23-B2.3-R2
"Dodecanoyl-[acyl-carrier-protein] hydrolase, chloroplastic",48390,C2-S23-B2.3-R2
Fatty acyl-CoA reductase,3608,C2-S23-B2.3-R2
A1U2T0,32743,C2-S23-B2.3-R2
A1U3L3,0,C2-S23-B2.3-R2
AHR_ECOLI,1888,C2-S23-B2.3-R3
LCFA_ECOLI,1785,C2-S23-B2.3-R3
"Dodecanoyl-[acyl-carrier-protein] hydrolase, chloroplastic",53796,C2-S23-B2.3-R3
Fatty acyl-CoA reductase,2530,C2-S23-B2.3-R3
A1U2T0,34253,C2-S23-B2.3-R3
A1U3L3,1682,C2-S23-B2.3-R3
AHR_ECOLI,6290,C2-S24-B2.4-R1
LCFA_ECOLI,1865,C2-S24-B2.4-R1
"Dodecanoyl-[acyl-carrier-protein] hydrolase, chloroplastic",43929,C2-S24-B2.4-R1
Fatty acyl-CoA reductase,0,C2-S24-B2.4-R1
A1U2T0,51402,C2-S24-B2.4-R1
A1U3L3,9208,C2-S24-B2.4-R1
AHR_ECOLI,4330,C2-S24-B2.4-R2
LCFA_ECOLI,178,C2-S24-B2.4-R2
"Dodecanoyl-[acyl-carrier-protein] hydrolase, chloroplastic",47381,C2-S24-B2.4-R2
Fatty acyl-CoA reductase,795,C2-S24-B2.4-R2
A1U2T0,52750,C2-S24-B2.4-R2
A1U3L3,4972,C2-S24-B2.4-R2
AHR_ECOLI,4773,C2-S24-B2.4-R3
LCFA_ECOLI,5650,C2-S24-B2.4-R3
"Dodecanoyl-[acyl-carrier-protein] hydrolase, chloroplastic",42775,C2-S24-B2.4-R3
Fatty acyl-CoA reductase,1574,C2-S24-B2.4-R3
A1U2T0,50792,C2-S24-B2.4-R3
A1U3L3,4815,C2-S24-B2.4-R3
AHR_ECOLI,725,C2-S3-B2.5-R1
LCFA_ECOLI,181131,C2-S3-B2.5-R1
"Dodecanoyl-[acyl-carrier-protein] hydrolase, chloroplastic",7492,C2-S3-B2.5-R1
Fatty acyl-CoA reductase,0,C2-S3-B2.5-R1
A1U2T0,0,C2-S3-B2.5-R1
A1U3L3,761837,C2-S3-B2.5-R1
AHR_ECOLI,252,C2-S3-B2.5-R1-IPTG0.5
LCFA_ECOLI,170654,C2-S3-B2.5-R1-IPTG0.5
"Dodecanoyl-[acyl-carrier-protein] hydrolase, chloroplastic",5744,C2-S3-B2.5-R1-IPTG0.5
Fatty acyl-CoA reductase,0,C2-S3-B2.5-R1-IPTG0.5
A1U2T0,4183,C2-S3-B2.5-R1-IPTG0.5
A1U3L3,910480,C2-S3-B2.5-R1-IPTG0.5
AHR_ECOLI,538,C2-S3-B2.5-R1-IPTG1.0
LCFA_ECOLI,168049,C2-S3-B2.5-R1-IPTG1.0
"Dodecanoyl-[acyl-carrier-protein] hydrolase, chloroplastic",469,C2-S3-B2.5-R1-IPTG1.0
Fatty acyl-CoA reductase,0,C2-S3-B2.5-R1-IPTG1.0
A1U2T0,8383,C2-S3-B2.5-R1-IPTG1.0
A1U3L3,963304,C2-S3-B2.5-R1-IPTG1.0
AHR_ECOLI,344,C2-S3-B2.5-R2
LCFA_ECOLI,179799,C2-S3-B2.5-R2
"Dodecanoyl-[acyl-carrier-protein] hydrolase, chloroplastic",8059,C2-S3-B2.5-R2
Fatty acyl-CoA reductase,0,C2-S3-B2.5-R2
A1U2T0,0,C2-S3-B2.5-R2
A1U3L3,877957,C2-S3-B2.5-R2
AHR_ECOLI,972,C2-S3-B2.5-R2-IPTG0.5
LCFA_ECOLI,160253,C2-S3-B2.5-R2-IPTG0.5
"Dodecanoyl-[acyl-carrier-protein] hydrolase, chloroplastic",3855,C2-S3-B2.5-R2-IPTG0.5
Fatty acyl-CoA reductase,0,C2-S3-B2.5-R2-IPTG0.5
A1U2T0,2152,C2-S3-B2.5-R2-IPTG0.5
A1U3L3,894938,C2-S3-B2.5-R2-IPTG0.5
AHR_ECOLI,924,C2-S3-B2.5-R2-IPTG1.0
LCFA_ECOLI,166066,C2-S3-B2.5-R2-IPTG1.0
"Dodecanoyl-[acyl-carrier-protein] hydrolase, chloroplastic",5676,C2-S3-B2.5-R2-IPTG1.0
Fatty acyl-CoA reductase,0,C2-S3-B2.5-R2-IPTG1.0
A1U2T0,6994,C2-S3-B2.5-R2-IPTG1.0
A1U3L3,934239,C2-S3-B2.5-R2-IPTG1.0
AHR_ECOLI,0,C2-S3-B2.5-R3
LCFA_ECOLI,180935,C2-S3-B2.5-R3
"Dodecanoyl-[acyl-carrier-protein] hydrolase, chloroplastic",8965,C2-S3-B2.5-R3
Fatty acyl-CoA reductase,0,C2-S3-B2.5-R3
A1U2T0,7886,C2-S3-B2.5-R3
A1U3L3,785031,C2-S3-B2.5-R3
AHR_ECOLI,469,C2-S3-B2.5-R3-IPTG0.5
LCFA_ECOLI,168037,C2-S3-B2.5-R3-IPTG0.5
"Dodecanoyl-[acyl-carrier-protein] hydrolase, chloroplastic",872,C2-S3-B2.5-R3-IPTG0.5
Fatty acyl-CoA reductase,0,C2-S3-B2.5-R3-IPTG0.5
A1U2T0,1204,C2-S3-B2.5-R3-IPTG0.5
A1U3L3,942854,C2-S3-B2.5-R3-IPTG0.5
AHR_ECOLI,0,C2-S3-B2.5-R3-IPTG1.0
LCFA_ECOLI,175714,C2-S3-B2.5-R3-IPTG1.0
"Dodecanoyl-[acyl-carrier-protein] hydrolase, chloroplastic",9722,C2-S3-B2.5-R3-IPTG1.0
Fatty acyl-CoA reductase,0,C2-S3-B2.5-R3-IPTG1.0
A1U2T0,399,C2-S3-B2.5-R3-IPTG1.0
A1U3L3,967566,C2-S3-B2.5-R3-IPTG1.0
AHR_ECOLI,2000,C2-S4-B2.4-R1
LCFA_ECOLI,247382,C2-S4-B2.4-R1
"Dodecanoyl-[acyl-carrier-protein] hydrolase, chloroplastic",280000,C2-S4-B2.4-R1
Fatty acyl-CoA reductase,0,C2-S4-B2.4-R1
A1U2T0,15026,C2-S4-B2.4-R1
A1U3L3,1545610,C2-S4-B2.4-R1
AHR_ECOLI,1701,C2-S4-B2.4-R2
LCFA_ECOLI,236865,C2-S4-B2.4-R2
"Dodecanoyl-[acyl-carrier-protein] hydrolase, chloroplastic",272740,C2-S4-B2.4-R2
Fatty acyl-CoA reductase,2353,C2-S4-B2.4-R2
A1U2T0,10681,C2-S4-B2.4-R2
A1U3L3,1552524,C2-S4-B2.4-R2
AHR_ECOLI,1849,C2-S4-B2.4-R3
LCFA_ECOLI,251422,C2-S4-B2.4-R3
"Dodecanoyl-[acyl-carrier-protein] hydrolase, chloroplastic",303288,C2-S4-B2.4-R3
Fatty acyl-CoA reductase,0,C2-S4-B2.4-R3
A1U2T0,0,C2-S4-B2.4-R3
A1U3L3,1597909,C2-S4-B2.4-R3
AHR_ECOLI,503,C2-S4-B2.5-R1-IPTG0.5
LCFA_ECOLI,136436,C2-S4-B2.5-R1-IPTG0.5
"Dodecanoyl-[acyl-carrier-protein] hydrolase, chloroplastic",137348,C2-S4-B2.5-R1-IPTG0.5
Fatty acyl-CoA reductase,973,C2-S4-B2.5-R1-IPTG0.5
A1U2T0,3910,C2-S4-B2.5-R1-IPTG0.5
A1U3L3,626564,C2-S4-B2.5-R1-IPTG0.5
AHR_ECOLI,719,C2-S4-B2.5-R1-IPTG1.0
LCFA_ECOLI,129527,C2-S4-B2.5-R1-IPTG1.0
"Dodecanoyl-[acyl-carrier-protein] hydrolase, chloroplastic",127702,C2-S4-B2.5-R1-IPTG1.0
Fatty acyl-CoA reductase,2982,C2-S4-B2.5-R1-IPTG1.0
A1U2T0,490,C2-S4-B2.5-R1-IPTG1.0
A1U3L3,665922,C2-S4-B2.5-R1-IPTG1.0
AHR_ECOLI,853,C2-S4-B2.5-R2-IPTG0.5
LCFA_ECOLI,132344,C2-S4-B2.5-R2-IPTG0.5
"Dodecanoyl-[acyl-carrier-protein] hydrolase, chloroplastic",144136,C2-S4-B2.5-R2-IPTG0.5
Fatty acyl-CoA reductase,0,C2-S4-B2.5-R2-IPTG0.5
A1U2T0,0,C2-S4-B2.5-R2-IPTG0.5
A1U3L3,700880,C2-S4-B2.5-R2-IPTG0.5
AHR_ECOLI,1055,C2-S4-B2.5-R2-IPTG1.0
LCFA_ECOLI,131082,C2-S4-B2.5-R2-IPTG1.0
"Dodecanoyl-[acyl-carrier-protein] hydrolase, chloroplastic",131222,C2-S4-B2.5-R2-IPTG1.0
Fatty acyl-CoA reductase,366,C2-S4-B2.5-R2-IPTG1.0
A1U2T0,1606,C2-S4-B2.5-R2-IPTG1.0
A1U3L3,685947,C2-S4-B2.5-R2-IPTG1.0
AHR_ECOLI,491,C2-S4-B2.5-R3-IPTG0.5
LCFA_ECOLI,134998,C2-S4-B2.5-R3-IPTG0.5
"Dodecanoyl-[acyl-carrier-protein] hydrolase, chloroplastic",155000,C2-S4-B2.5-R3-IPTG0.5
Fatty acyl-CoA reductase,0,C2-S4-B2.5-R3-IPTG0.5
A1U2T0,3060,C2-S4-B2.5-R3-IPTG0.5
A1U3L3,693783,C2-S4-B2.5-R3-IPTG0.5
AHR_ECOLI,0,C2-S4-B2.5-R3-IPTG1.0
LCFA_ECOLI,126337,C2-S4-B2.5-R3-IPTG1.0
"Dodecanoyl-[acyl-carrier-protein] hydrolase, chloroplastic",134397,C2-S4-B2.5-R3-IPTG1.0
Fatty acyl-CoA reductase,2269,C2-S4-B2.5-R3-IPTG1.0
A1U2T0,3645,C2-S4-B2.5-R3-IPTG1.0
A1U3L3,628157,C2-S4-B2.5-R3-IPTG1.0
AHR_ECOLI,3819,C2-S5-B2.3-R1
LCFA_ECOLI,82467,C2-S5-B2.3-R1
"Dodecanoyl-[acyl-carrier-protein] hydrolase, chloroplastic",157963,C2-S5-B2.3-R1
Fatty acyl-CoA reductase,0,C2-S5-B2.3-R1
A1U2T0,1052,C2-S5-B2.3-R1
A1U3L3,463422,C2-S5-B2.3-R1
AHR_ECOLI,5006,C2-S5-B2.3-R2
LCFA_ECOLI,85676,C2-S5-B2.3-R2
"Dodecanoyl-[acyl-carrier-protein] hydrolase, chloroplastic",169402,C2-S5-B2.3-R2
Fatty acyl-CoA reductase,0,C2-S5-B2.3-R2
A1U2T0,3470,C2-S5-B2.3-R2
A1U3L3,498307,C2-S5-B2.3-R2
AHR_ECOLI,3696,C2-S5-B2.3-R3
LCFA_ECOLI,92348,C2-S5-B2.3-R3
"Dodecanoyl-[acyl-carrier-protein] hydrolase, chloroplastic",174537,C2-S5-B2.3-R3
Fatty acyl-CoA reductase,2607,C2-S5-B2.3-R3
A1U2T0,3313,C2-S5-B2.3-R3
A1U3L3,525089,C2-S5-B2.3-R3
AHR_ECOLI,1775,C2-S7-B2.3-R1
LCFA_ECOLI,153996,C2-S7-B2.3-R1
"Dodecanoyl-[acyl-carrier-protein] hydrolase, chloroplastic",126561,C2-S7-B2.3-R1
Fatty acyl-CoA reductase,873,C2-S7-B2.3-R1
A1U2T0,4193,C2-S7-B2.3-R1
A1U3L3,680036,C2-S7-B2.3-R1
AHR_ECOLI,1954,C2-S7-B2.3-R2
LCFA_ECOLI,156265,C2-S7-B2.3-R2
"Dodecanoyl-[acyl-carrier-protein] hydrolase, chloroplastic",134496,C2-S7-B2.3-R2
Fatty acyl-CoA reductase,913,C2-S7-B2.3-R2
A1U2T0,3757,C2-S7-B2.3-R2
A1U3L3,762785,C2-S7-B2.3-R2
AHR_ECOLI,2749,C2-S7-B2.3-R3
LCFA_ECOLI,159436,C2-S7-B2.3-R3
"Dodecanoyl-[acyl-carrier-protein] hydrolase, chloroplastic",129435,C2-S7-B2.3-R3
Fatty acyl-CoA reductase,0,C2-S7-B2.3-R3
A1U2T0,0,C2-S7-B2.3-R3
A1U3L3,748479,C2-S7-B2.3-R3
AHR_ECOLI,0,C2-S7-B2.5-R1
LCFA_ECOLI,162870,C2-S7-B2.5-R1
"Dodecanoyl-[acyl-carrier-protein] hydrolase, chloroplastic",105572,C2-S7-B2.5-R1
Fatty acyl-CoA reductase,2162,C2-S7-B2.5-R1
A1U2T0,2479,C2-S7-B2.5-R1
A1U3L3,539673,C2-S7-B2.5-R1
AHR_ECOLI,396,C2-S7-B2.5-R2
LCFA_ECOLI,155765,C2-S7-B2.5-R2
"Dodecanoyl-[acyl-carrier-protein] hydrolase, chloroplastic",106636,C2-S7-B2.5-R2
Fatty acyl-CoA reductase,0,C2-S7-B2.5-R2
A1U2T0,3274,C2-S7-B2.5-R2
A1U3L3,512817,C2-S7-B2.5-R2
AHR_ECOLI,819,C2-S7-B2.5-R3
LCFA_ECOLI,163614,C2-S7-B2.5-R3
"Dodecanoyl-[acyl-carrier-protein] hydrolase, chloroplastic",117044,C2-S7-B2.5-R3
Fatty acyl-CoA reductase,0,C2-S7-B2.5-R3
A1U2T0,2694,C2-S7-B2.5-R3
A1U3L3,580171,C2-S7-B2.5-R3
AHR_ECOLI,4451,C2-S8-B2.3-R1
LCFA_ECOLI,59017,C2-S8-B2.3-R1
"Dodecanoyl-[acyl-carrier-protein] hydrolase, chloroplastic",159594,C2-S8-B2.3-R1
Fatty acyl-CoA reductase,3173,C2-S8-B2.3-R1
A1U2T0,3755,C2-S8-B2.3-R1
A1U3L3,374118,C2-S8-B2.3-R1
AHR_ECOLI,4519,C2-S8-B2.3-R2
LCFA_ECOLI,55927,C2-S8-B2.3-R2
"Dodecanoyl-[acyl-carrier-protein] hydrolase, chloroplastic",158787,C2-S8-B2.3-R2
Fatty acyl-CoA reductase,0,C2-S8-B2.3-R2
A1U2T0,537,C2-S8-B2.3-R2
A1U3L3,354072,C2-S8-B2.3-R2
AHR_ECOLI,4199,C2-S8-B2.3-R3
LCFA_ECOLI,54802,C2-S8-B2.3-R3
"Dodecanoyl-[acyl-carrier-protein] hydrolase, chloroplastic",149067,C2-S8-B2.3-R3
Fatty acyl-CoA reductase,4400,C2-S8-B2.3-R3
A1U2T0,598,C2-S8-B2.3-R3
A1U3L3,326229,C2-S8-B2.3-R3
AHR_ECOLI,1272,C2-S9-B2.5-R1
LCFA_ECOLI,52969,C2-S9-B2.5-R1
"Dodecanoyl-[acyl-carrier-protein] hydrolase, chloroplastic",182190,C2-S9-B2.5-R1
Fatty acyl-CoA reductase,1646,C2-S9-B2.5-R1
A1U2T0,0,C2-S9-B2.5-R1
A1U3L3,221240,C2-S9-B2.5-R1
AHR_ECOLI,1586,C2-S9-B2.5-R2
LCFA_ECOLI,50317,C2-S9-B2.5-R2
"Dodecanoyl-[acyl-carrier-protein] hydrolase, chloroplastic",183177,C2-S9-B2.5-R2
Fatty acyl-CoA reductase,1038,C2-S9-B2.5-R2
A1U2T0,724,C2-S9-B2.5-R2
A1U3L3,252437,C2-S9-B2.5-R2
AHR_ECOLI,1544,C2-S9-B2.5-R3
LCFA_ECOLI,49690,C2-S9-B2.5-R3
"Dodecanoyl-[acyl-carrier-protein] hydrolase, chloroplastic",182669,C2-S9-B2.5-R3
Fatty acyl-CoA reductase,0,C2-S9-B2.5-R3
A1U2T0,0,C2-S9-B2.5-R3
A1U3L3,226973,C2-S9-B2.5-R3
